{"assets":{"F060ECB2D3B13BDD8C493DD73E965B5C":{"type":"texture","index":0,"assetRequest":{"type":"slide","state":"contents","slide":"none"},"url":{"native":"assets\/E5997EDC-A9CB-4951-BD54-BF3E34B8E26A.pdf"},"width":1920,"height":1080},"8C96E28B0C2B08F0CFC59FED041D1D6F":{"type":"texture","index":6,"assetRequest":{"type":"slide","state":"contents","slide":"none"},"url":{"native":"assets\/E5997EDC-A9CB-4951-BD54-BF3E34B8E26A.pdf"},"width":618,"height":53},"F26003B2BBE120674DBCFF34E7788B3D":{"type":"texture","index":8,"assetRequest":{"type":"slide","state":"contents","slide":"none"},"url":{"native":"assets\/E5997EDC-A9CB-4951-BD54-BF3E34B8E26A.pdf"},"width":1920,"height":1080},"FBD65D3143E2E206DDD39459F3B9F86B":{"type":"texture","index":7,"assetRequest":{"type":"slide","state":"contents","slide":"none"},"url":{"native":"assets\/E5997EDC-A9CB-4951-BD54-BF3E34B8E26A.pdf"},"width":1920,"height":1080},"EF4FD83F71359449D832571359D9CE2C":{"type":"texture","index":4,"assetRequest":{"type":"slide","state":"contents","slide":"none"},"url":{"native":"assets\/E5997EDC-A9CB-4951-BD54-BF3E34B8E26A.pdf"},"width":1802,"height":540},"2B3E8F9E2C9BF261938F908927D94064":{"type":"texture","index":1,"assetRequest":{"type":"slide","state":"contents","slide":"none"},"url":{"native":"assets\/E5997EDC-A9CB-4951-BD54-BF3E34B8E26A.pdf"},"width":1803,"height":6},"BDAA4DEF1069C8ADAAD615490BAA5312":{"type":"texture","index":3,"assetRequest":{"type":"slide","state":"contents","slide":"none"},"url":{"native":"assets\/E5997EDC-A9CB-4951-BD54-BF3E34B8E26A.pdf"},"width":535,"height":48},"F8714B62FB46BD6FD160CA7BED45BD4A":{"type":"texture","index":5,"assetRequest":{"type":"slide","state":"contents","slide":"none"},"url":{"native":"assets\/E5997EDC-A9CB-4951-BD54-BF3E34B8E26A.pdf"},"width":248,"height":53},"E4664A83D8B7FB7A7A0B492E2B28A7FB":{"type":"texture","index":2,"assetRequest":{"type":"slide","state":"contents","slide":"none"},"url":{"native":"assets\/E5997EDC-A9CB-4951-BD54-BF3E34B8E26A.pdf"},"width":250,"height":30}},"events":[{"effects":[{"beginTime":0,"baseLayer":{"animations":[],"initialState":{"affineTransform":[1,0,0,1,0,0],"masksToBounds":false,"rotation":0,"scale":1,"position":{"pointX":377.681640625,"pointY":585.1961669921875},"width":618,"sublayerTransform":[1,0,0,0,0,1,0,0,0,0,1,0,0,0,0,1],"contentsRect":{"y":0,"x":0,"width":1,"height":1},"opacity":1,"edgeAntialiasingMask":251658240,"height":53,"hidden":false,"anchorPoint":{"pointX":0.5,"pointY":0.5}},"objectID":"252D6D39-A93E-4E59-A6F0-7CA73D39BD2D","layers":[{"animations":[],"initialState":{"affineTransform":[1,0,0,1,0,0],"masksToBounds":false,"rotation":0,"scale":1,"position":{"pointX":891.318359375,"pointY":-18.6961669921875},"width":618,"sublayerTransform":[1,0,0,0,0,1,0,0,0,0,1,-0.00035007912466775983,0,0,0,1],"contentsRect":{"y":0,"x":0,"width":1,"height":1},"opacity":1,"edgeAntialiasingMask":251658240,"height":53,"hidden":false,"anchorPoint":{"pointX":1.4422627174352751,"pointY":-0.35275786777712265}},"layers":[{"animations":[{"timeOffset":0,"beginTime":1e-100,"repeatCount":0,"animations":[{"timeOffset":0,"from":{"scalar":0},"beginTime":0,"repeatCount":0,"fillMode":"both","duration":0.80000000000000004,"autoreverses":false,"timingFunction":"EaseInEaseOut","property":"opacity","to":{"scalar":1}},{"timeOffset":0,"from":{"scalar":false},"beginTime":0,"repeatCount":0,"fillMode":"forwards","property":"hidden","autoreverses":false,"duration":0.80000000000000004,"to":{"scalar":false}}],"fillMode":"both","autoreverses":false,"duration":0.80000000000000004}],"layers":[],"texturedRectangle":{"singleTextureOpacity":1,"textXHeight":0,"shapePath":{"lineWidth":1,"flatness":0.59999999999999998,"lineCapStyle":0,"elements":[{"type":"MoveToPoint","points":[[24.611615624999999,1.6961669921875]]},{"type":"AddLine","points":[[593.34999326171874,1.6961669921875]]},{"type":"AddCurve","points":[[599.92396539814115,1.6961669921875],[603.26192506518805,1.6961669921875],[606.8075613692539,2.8198378098927606]]},{"type":"AddCurve","points":[[610.68761086233258,4.2320603328530524],[613.7440749210532,7.2885243915736737],[615.15629744401349,11.168573884652346]]},{"type":"AddCurve","points":[[616.27996826171875,14.714210188718198],[616.27996826171875,18.052169855765101],[616.27996826171875,24.728089189858792]]},{"type":"AddLine","points":[[616.27996826171875,28.766191992187487]]},{"type":"AddCurve","points":[[616.27996826171875,35.340164128609899],[616.27996826171875,38.678123795656802],[615.15629744401349,42.223760099722654]]},{"type":"AddCurve","points":[[613.7440749210532,46.103809592801326],[610.68761086233258,49.160273651521948],[606.8075613692539,50.572496174482239]]},{"type":"AddCurve","points":[[603.26192506518805,51.6961669921875],[599.92396539814115,51.6961669921875],[593.24804606404746,51.6961669921875]]},{"type":"AddLine","points":[[24.611615624999999,51.6961669921875]]},{"type":"AddCurve","points":[[18.037643488577572,51.6961669921875],[14.699683821530712,51.6961669921875],[11.154047517464889,50.572496174482239]]},{"type":"AddCurve","points":[[7.2739980243862021,49.160273651521948],[4.2175339656655524,46.103809592801326],[2.8053114427052321,42.223760099722654]]},{"type":"AddCurve","points":[[1.681640625,38.678123795656802],[1.681640625,35.340164128609899],[1.681640625,28.664244794516208]]},{"type":"AddLine","points":[[1.681640625,24.626141992187513]]},{"type":"AddCurve","points":[[1.681640625,18.052169855765101],[1.681640625,14.714210188718198],[2.8053114427052321,11.168573884652346]]},{"type":"AddCurve","points":[[4.2175339656655524,7.2885243915736737],[7.2739980243862021,4.2320603328530524],[11.154047517464889,2.8198378098927606]]},{"type":"AddCurve","points":[[14.699683821530712,1.6961669921875],[18.037643488577572,1.6961669921875],[24.713562822671292,1.6961669921875]]},{"type":"CloseSubpath"},{"type":"MoveToPoint","points":[[24.611615624999999,1.6961669921875]]}],"windingRule":0,"lineJoinStyle":0,"miterLimit":10},"isBackgroundTexture":true,"textBaseline":0,"isVerticalText":false,"textureType":5},"initialState":{"affineTransform":[1,0,0,1,0,0],"masksToBounds":false,"rotation":0,"scale":1,"position":{"pointX":307.318359375,"pointY":24.8038330078125},"width":618,"sublayerTransform":[1,0,0,0,0,1,0,0,0,0,1,0,0,0,0,1],"contentsRect":{"y":0,"x":0,"width":1,"height":1},"opacity":1,"edgeAntialiasingMask":0,"height":53,"hidden":true,"anchorPoint":{"pointX":0.5,"pointY":0.5}},"texture":"8C96E28B0C2B08F0CFC59FED041D1D6F"}]}]},"effects":[],"duration":0.80000000000000004,"type":"buildIn","name":"apple:dissolve character","objectID":"252D6D39-A93E-4E59-A6F0-7CA73D39BD2D"}],"automaticPlay":false,"hyperlinks":[],"accessibility":[{"text":"Screen Shot 2019-02-02 at 14.53.47.png","targetRectangle":{"y":375.15017700195312,"x":60.00006103515625,"width":1799.9998779296875,"height":537.69964599609375}},{"text":"Macro lore","targetRectangle":{"y":53.000000953674316,"x":64,"width":253.1889207227664,"height":43}},{"text":"C-style macros","targetRectangle":{"y":174,"x":64,"width":538.7351420454545,"height":72}}],"baseLayer":{"animations":[],"initialState":{"affineTransform":[1,0,0,1,0,0],"masksToBounds":false,"rotation":0,"scale":1,"position":{"pointX":960,"pointY":540},"width":1920,"sublayerTransform":[1,0,0,0,0,1,0,0,0,0,1,0,0,0,0,1],"contentsRect":{"y":0,"x":0,"width":1,"height":1},"opacity":1,"edgeAntialiasingMask":251658240,"height":1080,"hidden":false,"anchorPoint":{"pointX":0.5,"pointY":0.5}},"layers":[{"animations":[],"initialState":{"affineTransform":[1,0,0,1,0,0],"masksToBounds":false,"rotation":0,"scale":1,"position":{"pointX":960,"pointY":540},"width":1920,"sublayerTransform":[1,0,0,0,0,1,0,0,0,0,1,0,0,0,0,1],"contentsRect":{"y":0,"x":0,"width":1,"height":1},"opacity":1,"edgeAntialiasingMask":251658240,"height":1080,"hidden":false,"anchorPoint":{"pointX":0.5,"pointY":0.5}},"layers":[{"animations":[],"initialState":{"affineTransform":[1,0,0,1,0,0],"masksToBounds":false,"rotation":0,"scale":1,"position":{"pointX":960,"pointY":540},"width":1920,"sublayerTransform":[1,0,0,0,0,1,0,0,0,0,1,0,0,0,0,1],"contentsRect":{"y":0,"x":0,"width":1,"height":1},"opacity":1,"edgeAntialiasingMask":251658240,"height":1080,"hidden":false,"anchorPoint":{"pointX":0.5,"pointY":0.5}},"layers":[{"animations":[],"layers":[],"texturedRectangle":{"isBackgroundTexture":true,"singleTextureOpacity":1,"textureType":1,"textBaseline":0,"textXHeight":0,"isVerticalText":false},"initialState":{"affineTransform":[1,0,0,1,0,0],"masksToBounds":false,"rotation":0,"scale":1,"position":{"pointX":960,"pointY":540},"width":1920,"sublayerTransform":[1,0,0,0,0,1,0,0,0,0,1,0,0,0,0,1],"contentsRect":{"y":0,"x":0,"width":1,"height":1},"opacity":1,"edgeAntialiasingMask":0,"height":1080,"hidden":false,"anchorPoint":{"pointX":0.5,"pointY":0.5}},"texture":"F060ECB2D3B13BDD8C493DD73E965B5C"}]}]},{"animations":[],"initialState":{"affineTransform":[1,0,0,1,0,0],"masksToBounds":false,"rotation":0,"scale":1,"position":{"pointX":960,"pointY":540},"width":1920,"sublayerTransform":[1,0,0,0,0,1,0,0,0,0,1,0,0,0,0,1],"contentsRect":{"y":0,"x":0,"width":1,"height":1},"opacity":1,"edgeAntialiasingMask":251658240,"height":1080,"hidden":false,"anchorPoint":{"pointX":0.5,"pointY":0.5}},"layers":[{"animations":[],"initialState":{"affineTransform":[1,0,0,1,0,0],"masksToBounds":false,"rotation":0,"scale":1,"position":{"pointX":961.49998389670304,"pointY":111.97106933606716},"width":1803,"sublayerTransform":[1,0,0,0,0,1,0,0,0,0,1,0,0,0,0,1],"contentsRect":{"y":0,"x":0,"width":1,"height":1},"opacity":1,"edgeAntialiasingMask":251658240,"height":6,"hidden":false,"anchorPoint":{"pointX":0.5,"pointY":0.5}},"layers":[{"animations":[],"layers":[],"texturedRectangle":{"singleTextureOpacity":1,"textXHeight":0,"shapePath":{"lineWidth":1,"flatness":0.59999999999999998,"lineCapStyle":0,"elements":[{"type":"MoveToPoint","points":[[2,3.000055268406868]]},{"type":"AddLine","points":[[1801.9998779296875,2.9710693359375]]}],"windingRule":0,"lineJoinStyle":0,"miterLimit":10},"isBackgroundTexture":true,"textBaseline":0,"isVerticalText":false,"textureType":5},"initialState":{"affineTransform":[1,0,0,1,0,0],"masksToBounds":false,"rotation":0,"scale":1,"position":{"pointX":899.50001610329696,"pointY":1.0289306639328402},"width":1803,"sublayerTransform":[1,0,0,0,0,1,0,0,0,0,1,0,0,0,0,1],"contentsRect":{"y":0,"x":0,"width":1,"height":1},"opacity":1,"edgeAntialiasingMask":0,"height":6,"hidden":false,"anchorPoint":{"pointX":0.5,"pointY":0.5}},"texture":"2B3E8F9E2C9BF261938F908927D94064"}]}]},{"animations":[],"initialState":{"affineTransform":[1,0,0,1,0,0],"masksToBounds":false,"rotation":0,"scale":1,"position":{"pointX":960,"pointY":540},"width":1920,"sublayerTransform":[1,0,0,0,0,1,0,0,0,0,1,0,0,0,0,1],"contentsRect":{"y":0,"x":0,"width":1,"height":1},"opacity":1,"edgeAntialiasingMask":251658240,"height":1080,"hidden":false,"anchorPoint":{"pointX":0.5,"pointY":0.5}},"layers":[{"animations":[],"initialState":{"affineTransform":[1,0,0,1,0,0],"masksToBounds":false,"rotation":0,"scale":1,"position":{"pointX":185,"pointY":64.000000953674316},"width":250,"sublayerTransform":[1,0,0,0,0,1,0,0,0,0,1,0,0,0,0,1],"contentsRect":{"y":0,"x":0,"width":1,"height":1},"opacity":1,"edgeAntialiasingMask":251658240,"height":30,"hidden":false,"anchorPoint":{"pointX":0.5,"pointY":0.5}},"layers":[{"animations":[],"layers":[],"texturedRectangle":{"singleTextureOpacity":1,"textXHeight":0.65454545454545454,"textBaseline":0.91874734958012894,"isBackgroundTexture":true,"isVerticalText":false,"textColor":[0.65252363681793213,0.66733616590499878,0.66081041097640991,1],"textureType":6},"initialState":{"affineTransform":[1,0,0,1,0,0],"masksToBounds":false,"rotation":0,"scale":1,"position":{"pointX":130,"pointY":25.999999046325684},"width":250,"sublayerTransform":[1,0,0,0,0,1,0,0,0,0,1,0,0,0,0,1],"contentsRect":{"y":0,"x":0,"width":1,"height":1},"opacity":1,"edgeAntialiasingMask":0,"height":30,"hidden":false,"anchorPoint":{"pointX":0.5,"pointY":0.5}},"texture":"E4664A83D8B7FB7A7A0B492E2B28A7FB"}]}]},{"animations":[],"initialState":{"affineTransform":[1,0,0,1,0,0],"masksToBounds":false,"rotation":0,"scale":1,"position":{"pointX":960,"pointY":540},"width":1920,"sublayerTransform":[1,0,0,0,0,1,0,0,0,0,1,0,0,0,0,1],"contentsRect":{"y":0,"x":0,"width":1,"height":1},"opacity":1,"edgeAntialiasingMask":251658240,"height":1080,"hidden":false,"anchorPoint":{"pointX":0.5,"pointY":0.5}},"layers":[{"animations":[],"initialState":{"affineTransform":[1,0,0,1,0,0],"masksToBounds":false,"rotation":0,"scale":1,"position":{"pointX":327.5,"pointY":194},"width":535,"sublayerTransform":[1,0,0,0,0,1,0,0,0,0,1,0,0,0,0,1],"contentsRect":{"y":0,"x":0,"width":1,"height":1},"opacity":1,"edgeAntialiasingMask":251658240,"height":48,"hidden":false,"anchorPoint":{"pointX":0.5,"pointY":0.5}},"layers":[{"animations":[],"layers":[],"texturedRectangle":{"singleTextureOpacity":1,"textXHeight":0.68215909090909088,"textBaseline":0.95688197026029231,"isBackgroundTexture":true,"isVerticalText":false,"textColor":[0.2039216160774231,0.64705884456634521,0.85490202903747559,1],"textureType":6},"initialState":{"affineTransform":[1,0,0,1,0,0],"masksToBounds":false,"rotation":0,"scale":1,"position":{"pointX":273.5,"pointY":40},"width":535,"sublayerTransform":[1,0,0,0,0,1,0,0,0,0,1,0,0,0,0,1],"contentsRect":{"y":0,"x":0,"width":1,"height":1},"opacity":1,"edgeAntialiasingMask":0,"height":48,"hidden":false,"anchorPoint":{"pointX":0.5,"pointY":0.5}},"texture":"BDAA4DEF1069C8ADAAD615490BAA5312"}]}]},{"animations":[],"initialState":{"affineTransform":[1,0,0,1,0,0],"masksToBounds":false,"rotation":0,"scale":1,"position":{"pointX":960,"pointY":540},"width":1920,"sublayerTransform":[1,0,0,0,0,1,0,0,0,0,1,0,0,0,0,1],"contentsRect":{"y":0,"x":0,"width":1,"height":1},"opacity":1,"edgeAntialiasingMask":251658240,"height":1080,"hidden":false,"anchorPoint":{"pointX":0.5,"pointY":0.5}},"layers":[{"animations":[],"initialState":{"affineTransform":[1,0,0,1,0,0],"masksToBounds":false,"rotation":0,"scale":1,"position":{"pointX":961.00006103515625,"pointY":645.15017700195312},"width":1802,"sublayerTransform":[1,0,0,0,0,1,0,0,0,0,1,0,0,0,0,1],"contentsRect":{"y":0,"x":0,"width":1,"height":1},"opacity":1,"edgeAntialiasingMask":251658240,"height":540,"hidden":false,"anchorPoint":{"pointX":0.5,"pointY":0.5}},"layers":[{"animations":[],"layers":[],"texturedRectangle":{"isBackgroundTexture":true,"singleTextureOpacity":1,"textureType":5,"textBaseline":0,"textXHeight":0,"isVerticalText":false},"initialState":{"affineTransform":[1,0,0,1,0,0],"masksToBounds":false,"rotation":0,"scale":1,"position":{"pointX":899.99993896484375,"pointY":268.84982299804688},"width":1802,"sublayerTransform":[1,0,0,0,0,1,0,0,0,0,1,0,0,0,0,1],"contentsRect":{"y":0,"x":0,"width":1,"height":1},"opacity":1,"edgeAntialiasingMask":0,"height":540,"hidden":false,"anchorPoint":{"pointX":0.5,"pointY":0.5}},"texture":"EF4FD83F71359449D832571359D9CE2C"}]}]},{"animations":[],"initialState":{"affineTransform":[1,0,0,1,0,0],"masksToBounds":false,"rotation":0,"scale":1,"position":{"pointX":960,"pointY":540},"width":1920,"sublayerTransform":[1,0,0,0,0,1,0,0,0,0,1,0,0,0,0,1],"contentsRect":{"y":0,"x":0,"width":1,"height":1},"opacity":1,"edgeAntialiasingMask":251658240,"height":1080,"hidden":false,"anchorPoint":{"pointX":0.5,"pointY":0.5}},"layers":[{"animations":[],"initialState":{"affineTransform":[1,0,0,1,0,0],"masksToBounds":false,"rotation":0,"scale":1,"position":{"pointX":632.681640625,"pointY":750.1961669921875},"width":248,"sublayerTransform":[1,0,0,0,0,1,0,0,0,0,1,0,0,0,0,1],"contentsRect":{"y":0,"x":0,"width":1,"height":1},"opacity":1,"edgeAntialiasingMask":251658240,"height":53,"hidden":false,"anchorPoint":{"pointX":0.5,"pointY":0.5}},"objectID":"51FEDF91-444E-4E32-BE27-881AE4511C0C","layers":[{"animations":[],"layers":[],"texturedRectangle":{"singleTextureOpacity":1,"textXHeight":0,"shapePath":{"lineWidth":1,"flatness":0.59999999999999998,"lineCapStyle":0,"elements":[{"type":"MoveToPoint","points":[[24.611615625000013,1.6961669921875]]},{"type":"AddLine","points":[[223.6312585205078,1.6961669921875]]},{"type":"AddCurve","points":[[230.20523065693021,1.6961669921875],[233.54319032397711,1.6961669921875],[237.08882662804285,2.8198378098927606]]},{"type":"AddCurve","points":[[240.96887612112164,4.2320603328530524],[244.02534017984226,7.2885243915736737],[245.43756270280255,11.168573884652346]]},{"type":"AddCurve","points":[[246.56123352050781,14.714210188718198],[246.56123352050781,18.052169855765101],[246.56123352050781,24.728089189858792]]},{"type":"AddLine","points":[[246.56123352050781,28.766191992187487]]},{"type":"AddCurve","points":[[246.56123352050781,35.340164128609899],[246.56123352050781,38.678123795656802],[245.43756270280255,42.223760099722654]]},{"type":"AddCurve","points":[[244.02534017984226,46.103809592801326],[240.96887612112164,49.160273651521948],[237.08882662804297,50.572496174482239]]},{"type":"AddCurve","points":[[233.54319032397711,51.6961669921875],[230.20523065693021,51.6961669921875],[223.52931132283652,51.6961669921875]]},{"type":"AddLine","points":[[24.611615625000013,51.6961669921875]]},{"type":"AddCurve","points":[[18.037643488577601,51.6961669921875],[14.699683821530698,51.6961669921875],[11.154047517464846,50.572496174482239]]},{"type":"AddCurve","points":[[7.2739980243861737,49.160273651521948],[4.2175339656655524,46.103809592801326],[2.8053114427052606,42.223760099722654]]},{"type":"AddCurve","points":[[1.681640625,38.678123795656802],[1.681640625,35.340164128609899],[1.681640625,28.664244794516208]]},{"type":"AddLine","points":[[1.681640625,24.626141992187513]]},{"type":"AddCurve","points":[[1.681640625,18.052169855765101],[1.681640625,14.714210188718198],[2.8053114427052606,11.168573884652346]]},{"type":"AddCurve","points":[[4.2175339656655524,7.2885243915736737],[7.2739980243861737,4.2320603328530524],[11.154047517464846,2.8198378098927606]]},{"type":"AddCurve","points":[[14.699683821530698,1.6961669921875],[18.037643488577601,1.6961669921875],[24.713562822671292,1.6961669921875]]},{"type":"CloseSubpath"},{"type":"MoveToPoint","points":[[24.611615625000013,1.6961669921875]]}],"windingRule":0,"lineJoinStyle":0,"miterLimit":10},"isBackgroundTexture":true,"textBaseline":0,"isVerticalText":false,"textureType":5},"initialState":{"affineTransform":[1,0,0,1,0,0],"masksToBounds":false,"rotation":0,"scale":1,"position":{"pointX":122.318359375,"pointY":24.8038330078125},"width":248,"sublayerTransform":[1,0,0,0,0,1,0,0,0,0,1,0,0,0,0,1],"contentsRect":{"y":0,"x":0,"width":1,"height":1},"opacity":1,"edgeAntialiasingMask":0,"height":53,"hidden":true,"anchorPoint":{"pointX":0.5,"pointY":0.5}},"texture":"F8714B62FB46BD6FD160CA7BED45BD4A"}]}]},{"animations":[],"initialState":{"affineTransform":[1,0,0,1,0,0],"masksToBounds":false,"rotation":0,"scale":1,"position":{"pointX":960,"pointY":540},"width":1920,"sublayerTransform":[1,0,0,0,0,1,0,0,0,0,1,0,0,0,0,1],"contentsRect":{"y":0,"x":0,"width":1,"height":1},"opacity":1,"edgeAntialiasingMask":251658240,"height":1080,"hidden":false,"anchorPoint":{"pointX":0.5,"pointY":0.5}},"layers":[{"animations":[],"initialState":{"affineTransform":[1,0,0,1,0,0],"masksToBounds":false,"rotation":0,"scale":1,"position":{"pointX":377.681640625,"pointY":585.1961669921875},"width":618,"sublayerTransform":[1,0,0,0,0,1,0,0,0,0,1,0,0,0,0,1],"contentsRect":{"y":0,"x":0,"width":1,"height":1},"opacity":1,"edgeAntialiasingMask":251658240,"height":53,"hidden":false,"anchorPoint":{"pointX":0.5,"pointY":0.5}},"objectID":"252D6D39-A93E-4E59-A6F0-7CA73D39BD2D","layers":[{"animations":[],"layers":[],"texturedRectangle":{"singleTextureOpacity":1,"textXHeight":0,"shapePath":{"lineWidth":1,"flatness":0.59999999999999998,"lineCapStyle":0,"elements":[{"type":"MoveToPoint","points":[[24.611615624999999,1.6961669921875]]},{"type":"AddLine","points":[[593.34999326171874,1.6961669921875]]},{"type":"AddCurve","points":[[599.92396539814115,1.6961669921875],[603.26192506518805,1.6961669921875],[606.8075613692539,2.8198378098927606]]},{"type":"AddCurve","points":[[610.68761086233258,4.2320603328530524],[613.7440749210532,7.2885243915736737],[615.15629744401349,11.168573884652346]]},{"type":"AddCurve","points":[[616.27996826171875,14.714210188718198],[616.27996826171875,18.052169855765101],[616.27996826171875,24.728089189858792]]},{"type":"AddLine","points":[[616.27996826171875,28.766191992187487]]},{"type":"AddCurve","points":[[616.27996826171875,35.340164128609899],[616.27996826171875,38.678123795656802],[615.15629744401349,42.223760099722654]]},{"type":"AddCurve","points":[[613.7440749210532,46.103809592801326],[610.68761086233258,49.160273651521948],[606.8075613692539,50.572496174482239]]},{"type":"AddCurve","points":[[603.26192506518805,51.6961669921875],[599.92396539814115,51.6961669921875],[593.24804606404746,51.6961669921875]]},{"type":"AddLine","points":[[24.611615624999999,51.6961669921875]]},{"type":"AddCurve","points":[[18.037643488577572,51.6961669921875],[14.699683821530712,51.6961669921875],[11.154047517464889,50.572496174482239]]},{"type":"AddCurve","points":[[7.2739980243862021,49.160273651521948],[4.2175339656655524,46.103809592801326],[2.8053114427052321,42.223760099722654]]},{"type":"AddCurve","points":[[1.681640625,38.678123795656802],[1.681640625,35.340164128609899],[1.681640625,28.664244794516208]]},{"type":"AddLine","points":[[1.681640625,24.626141992187513]]},{"type":"AddCurve","points":[[1.681640625,18.052169855765101],[1.681640625,14.714210188718198],[2.8053114427052321,11.168573884652346]]},{"type":"AddCurve","points":[[4.2175339656655524,7.2885243915736737],[7.2739980243862021,4.2320603328530524],[11.154047517464889,2.8198378098927606]]},{"type":"AddCurve","points":[[14.699683821530712,1.6961669921875],[18.037643488577572,1.6961669921875],[24.713562822671292,1.6961669921875]]},{"type":"CloseSubpath"},{"type":"MoveToPoint","points":[[24.611615624999999,1.6961669921875]]}],"windingRule":0,"lineJoinStyle":0,"miterLimit":10},"isBackgroundTexture":true,"textBaseline":0,"isVerticalText":false,"textureType":5},"initialState":{"affineTransform":[1,0,0,1,0,0],"masksToBounds":false,"rotation":0,"scale":1,"position":{"pointX":307.318359375,"pointY":24.8038330078125},"width":618,"sublayerTransform":[1,0,0,0,0,1,0,0,0,0,1,0,0,0,0,1],"contentsRect":{"y":0,"x":0,"width":1,"height":1},"opacity":1,"edgeAntialiasingMask":0,"height":53,"hidden":true,"anchorPoint":{"pointX":0.5,"pointY":0.5}},"texture":"8C96E28B0C2B08F0CFC59FED041D1D6F"}]}]}]}},{"effects":[{"beginTime":0,"baseLayer":{"animations":[],"initialState":{"affineTransform":[1,0,0,1,0,0],"masksToBounds":false,"rotation":0,"scale":1,"position":{"pointX":377.681640625,"pointY":585.1961669921875},"width":618,"sublayerTransform":[1,0,0,0,0,1,0,0,0,0,1,0,0,0,0,1],"contentsRect":{"y":0,"x":0,"width":1,"height":1},"opacity":1,"edgeAntialiasingMask":251658240,"height":53,"hidden":false,"anchorPoint":{"pointX":0.5,"pointY":0.5}},"objectID":"252D6D39-A93E-4E59-A6F0-7CA73D39BD2D","layers":[{"animations":[],"initialState":{"affineTransform":[1,0,0,1,0,0],"masksToBounds":false,"rotation":0,"scale":1,"position":{"pointX":891.318359375,"pointY":-18.6961669921875},"width":618,"sublayerTransform":[1,0,0,0,0,1,0,0,0,0,1,-0.00035007912466775983,0,0,0,1],"contentsRect":{"y":0,"x":0,"width":1,"height":1},"opacity":1,"edgeAntialiasingMask":251658240,"height":53,"hidden":false,"anchorPoint":{"pointX":1.4422627174352751,"pointY":-0.35275786777712265}},"layers":[{"animations":[{"timeOffset":0,"beginTime":1e-100,"repeatCount":0,"animations":[{"timeOffset":0,"from":{"scalar":1},"beginTime":0,"repeatCount":0,"fillMode":"both","duration":1,"autoreverses":false,"timingFunction":"EaseInEaseOut","property":"opacity","to":{"scalar":0}}],"fillMode":"both","autoreverses":false,"duration":1}],"layers":[],"texturedRectangle":{"singleTextureOpacity":1,"textXHeight":0,"shapePath":{"lineWidth":1,"flatness":0.59999999999999998,"lineCapStyle":0,"elements":[{"type":"MoveToPoint","points":[[24.611615624999999,1.6961669921875]]},{"type":"AddLine","points":[[593.34999326171874,1.6961669921875]]},{"type":"AddCurve","points":[[599.92396539814115,1.6961669921875],[603.26192506518805,1.6961669921875],[606.8075613692539,2.8198378098927606]]},{"type":"AddCurve","points":[[610.68761086233258,4.2320603328530524],[613.7440749210532,7.2885243915736737],[615.15629744401349,11.168573884652346]]},{"type":"AddCurve","points":[[616.27996826171875,14.714210188718198],[616.27996826171875,18.052169855765101],[616.27996826171875,24.728089189858792]]},{"type":"AddLine","points":[[616.27996826171875,28.766191992187487]]},{"type":"AddCurve","points":[[616.27996826171875,35.340164128609899],[616.27996826171875,38.678123795656802],[615.15629744401349,42.223760099722654]]},{"type":"AddCurve","points":[[613.7440749210532,46.103809592801326],[610.68761086233258,49.160273651521948],[606.8075613692539,50.572496174482239]]},{"type":"AddCurve","points":[[603.26192506518805,51.6961669921875],[599.92396539814115,51.6961669921875],[593.24804606404746,51.6961669921875]]},{"type":"AddLine","points":[[24.611615624999999,51.6961669921875]]},{"type":"AddCurve","points":[[18.037643488577572,51.6961669921875],[14.699683821530712,51.6961669921875],[11.154047517464889,50.572496174482239]]},{"type":"AddCurve","points":[[7.2739980243862021,49.160273651521948],[4.2175339656655524,46.103809592801326],[2.8053114427052321,42.223760099722654]]},{"type":"AddCurve","points":[[1.681640625,38.678123795656802],[1.681640625,35.340164128609899],[1.681640625,28.664244794516208]]},{"type":"AddLine","points":[[1.681640625,24.626141992187513]]},{"type":"AddCurve","points":[[1.681640625,18.052169855765101],[1.681640625,14.714210188718198],[2.8053114427052321,11.168573884652346]]},{"type":"AddCurve","points":[[4.2175339656655524,7.2885243915736737],[7.2739980243862021,4.2320603328530524],[11.154047517464889,2.8198378098927606]]},{"type":"AddCurve","points":[[14.699683821530712,1.6961669921875],[18.037643488577572,1.6961669921875],[24.713562822671292,1.6961669921875]]},{"type":"CloseSubpath"},{"type":"MoveToPoint","points":[[24.611615624999999,1.6961669921875]]}],"windingRule":0,"lineJoinStyle":0,"miterLimit":10},"isBackgroundTexture":true,"textBaseline":0,"isVerticalText":false,"textureType":5},"initialState":{"affineTransform":[1,0,0,1,0,0],"masksToBounds":false,"rotation":0,"scale":1,"position":{"pointX":307.318359375,"pointY":24.8038330078125},"width":618,"sublayerTransform":[1,0,0,0,0,1,0,0,0,0,1,0,0,0,0,1],"contentsRect":{"y":0,"x":0,"width":1,"height":1},"opacity":1,"edgeAntialiasingMask":0,"height":53,"hidden":false,"anchorPoint":{"pointX":0.5,"pointY":0.5}},"texture":"8C96E28B0C2B08F0CFC59FED041D1D6F"}]}]},"effects":[],"duration":1,"type":"buildOut","attributes":{"direction":0},"name":"com.apple.iWork.Keynote.Blur","objectID":"252D6D39-A93E-4E59-A6F0-7CA73D39BD2D"}],"automaticPlay":false,"hyperlinks":[],"accessibility":[{"text":"Screen Shot 2019-02-02 at 14.53.47.png","targetRectangle":{"y":375.15017700195312,"x":60.00006103515625,"width":1799.9998779296875,"height":537.69964599609375}},{"text":"Macro lore","targetRectangle":{"y":53.000000953674316,"x":64,"width":253.1889207227664,"height":43}},{"text":"C-style macros","targetRectangle":{"y":174,"x":64,"width":538.7351420454545,"height":72}}],"baseLayer":{"animations":[],"initialState":{"affineTransform":[1,0,0,1,0,0],"masksToBounds":false,"rotation":0,"scale":1,"position":{"pointX":960,"pointY":540},"width":1920,"sublayerTransform":[1,0,0,0,0,1,0,0,0,0,1,0,0,0,0,1],"contentsRect":{"y":0,"x":0,"width":1,"height":1},"opacity":1,"edgeAntialiasingMask":251658240,"height":1080,"hidden":false,"anchorPoint":{"pointX":0.5,"pointY":0.5}},"layers":[{"animations":[],"initialState":{"affineTransform":[1,0,0,1,0,0],"masksToBounds":false,"rotation":0,"scale":1,"position":{"pointX":960,"pointY":540},"width":1920,"sublayerTransform":[1,0,0,0,0,1,0,0,0,0,1,0,0,0,0,1],"contentsRect":{"y":0,"x":0,"width":1,"height":1},"opacity":1,"edgeAntialiasingMask":251658240,"height":1080,"hidden":false,"anchorPoint":{"pointX":0.5,"pointY":0.5}},"layers":[{"animations":[],"initialState":{"affineTransform":[1,0,0,1,0,0],"masksToBounds":false,"rotation":0,"scale":1,"position":{"pointX":960,"pointY":540},"width":1920,"sublayerTransform":[1,0,0,0,0,1,0,0,0,0,1,0,0,0,0,1],"contentsRect":{"y":0,"x":0,"width":1,"height":1},"opacity":1,"edgeAntialiasingMask":251658240,"height":1080,"hidden":false,"anchorPoint":{"pointX":0.5,"pointY":0.5}},"layers":[{"animations":[],"layers":[],"texturedRectangle":{"isBackgroundTexture":true,"singleTextureOpacity":1,"textureType":1,"textBaseline":0,"textXHeight":0,"isVerticalText":false},"initialState":{"affineTransform":[1,0,0,1,0,0],"masksToBounds":false,"rotation":0,"scale":1,"position":{"pointX":960,"pointY":540},"width":1920,"sublayerTransform":[1,0,0,0,0,1,0,0,0,0,1,0,0,0,0,1],"contentsRect":{"y":0,"x":0,"width":1,"height":1},"opacity":1,"edgeAntialiasingMask":0,"height":1080,"hidden":false,"anchorPoint":{"pointX":0.5,"pointY":0.5}},"texture":"F060ECB2D3B13BDD8C493DD73E965B5C"}]}]},{"animations":[],"initialState":{"affineTransform":[1,0,0,1,0,0],"masksToBounds":false,"rotation":0,"scale":1,"position":{"pointX":960,"pointY":540},"width":1920,"sublayerTransform":[1,0,0,0,0,1,0,0,0,0,1,0,0,0,0,1],"contentsRect":{"y":0,"x":0,"width":1,"height":1},"opacity":1,"edgeAntialiasingMask":251658240,"height":1080,"hidden":false,"anchorPoint":{"pointX":0.5,"pointY":0.5}},"layers":[{"animations":[],"initialState":{"affineTransform":[1,0,0,1,0,0],"masksToBounds":false,"rotation":0,"scale":1,"position":{"pointX":961.49998389670304,"pointY":111.97106933606716},"width":1803,"sublayerTransform":[1,0,0,0,0,1,0,0,0,0,1,0,0,0,0,1],"contentsRect":{"y":0,"x":0,"width":1,"height":1},"opacity":1,"edgeAntialiasingMask":251658240,"height":6,"hidden":false,"anchorPoint":{"pointX":0.5,"pointY":0.5}},"layers":[{"animations":[],"layers":[],"texturedRectangle":{"singleTextureOpacity":1,"textXHeight":0,"shapePath":{"lineWidth":1,"flatness":0.59999999999999998,"lineCapStyle":0,"elements":[{"type":"MoveToPoint","points":[[2,3.000055268406868]]},{"type":"AddLine","points":[[1801.9998779296875,2.9710693359375]]}],"windingRule":0,"lineJoinStyle":0,"miterLimit":10},"isBackgroundTexture":true,"textBaseline":0,"isVerticalText":false,"textureType":5},"initialState":{"affineTransform":[1,0,0,1,0,0],"masksToBounds":false,"rotation":0,"scale":1,"position":{"pointX":899.50001610329696,"pointY":1.0289306639328402},"width":1803,"sublayerTransform":[1,0,0,0,0,1,0,0,0,0,1,0,0,0,0,1],"contentsRect":{"y":0,"x":0,"width":1,"height":1},"opacity":1,"edgeAntialiasingMask":0,"height":6,"hidden":false,"anchorPoint":{"pointX":0.5,"pointY":0.5}},"texture":"2B3E8F9E2C9BF261938F908927D94064"}]}]},{"animations":[],"initialState":{"affineTransform":[1,0,0,1,0,0],"masksToBounds":false,"rotation":0,"scale":1,"position":{"pointX":960,"pointY":540},"width":1920,"sublayerTransform":[1,0,0,0,0,1,0,0,0,0,1,0,0,0,0,1],"contentsRect":{"y":0,"x":0,"width":1,"height":1},"opacity":1,"edgeAntialiasingMask":251658240,"height":1080,"hidden":false,"anchorPoint":{"pointX":0.5,"pointY":0.5}},"layers":[{"animations":[],"initialState":{"affineTransform":[1,0,0,1,0,0],"masksToBounds":false,"rotation":0,"scale":1,"position":{"pointX":185,"pointY":64.000000953674316},"width":250,"sublayerTransform":[1,0,0,0,0,1,0,0,0,0,1,0,0,0,0,1],"contentsRect":{"y":0,"x":0,"width":1,"height":1},"opacity":1,"edgeAntialiasingMask":251658240,"height":30,"hidden":false,"anchorPoint":{"pointX":0.5,"pointY":0.5}},"layers":[{"animations":[],"layers":[],"texturedRectangle":{"singleTextureOpacity":1,"textXHeight":0.65454545454545454,"textBaseline":0.91874734958012894,"isBackgroundTexture":true,"isVerticalText":false,"textColor":[0.65252363681793213,0.66733616590499878,0.66081041097640991,1],"textureType":6},"initialState":{"affineTransform":[1,0,0,1,0,0],"masksToBounds":false,"rotation":0,"scale":1,"position":{"pointX":130,"pointY":25.999999046325684},"width":250,"sublayerTransform":[1,0,0,0,0,1,0,0,0,0,1,0,0,0,0,1],"contentsRect":{"y":0,"x":0,"width":1,"height":1},"opacity":1,"edgeAntialiasingMask":0,"height":30,"hidden":false,"anchorPoint":{"pointX":0.5,"pointY":0.5}},"texture":"E4664A83D8B7FB7A7A0B492E2B28A7FB"}]}]},{"animations":[],"initialState":{"affineTransform":[1,0,0,1,0,0],"masksToBounds":false,"rotation":0,"scale":1,"position":{"pointX":960,"pointY":540},"width":1920,"sublayerTransform":[1,0,0,0,0,1,0,0,0,0,1,0,0,0,0,1],"contentsRect":{"y":0,"x":0,"width":1,"height":1},"opacity":1,"edgeAntialiasingMask":251658240,"height":1080,"hidden":false,"anchorPoint":{"pointX":0.5,"pointY":0.5}},"layers":[{"animations":[],"initialState":{"affineTransform":[1,0,0,1,0,0],"masksToBounds":false,"rotation":0,"scale":1,"position":{"pointX":327.5,"pointY":194},"width":535,"sublayerTransform":[1,0,0,0,0,1,0,0,0,0,1,0,0,0,0,1],"contentsRect":{"y":0,"x":0,"width":1,"height":1},"opacity":1,"edgeAntialiasingMask":251658240,"height":48,"hidden":false,"anchorPoint":{"pointX":0.5,"pointY":0.5}},"layers":[{"animations":[],"layers":[],"texturedRectangle":{"singleTextureOpacity":1,"textXHeight":0.68215909090909088,"textBaseline":0.95688197026029231,"isBackgroundTexture":true,"isVerticalText":false,"textColor":[0.2039216160774231,0.64705884456634521,0.85490202903747559,1],"textureType":6},"initialState":{"affineTransform":[1,0,0,1,0,0],"masksToBounds":false,"rotation":0,"scale":1,"position":{"pointX":273.5,"pointY":40},"width":535,"sublayerTransform":[1,0,0,0,0,1,0,0,0,0,1,0,0,0,0,1],"contentsRect":{"y":0,"x":0,"width":1,"height":1},"opacity":1,"edgeAntialiasingMask":0,"height":48,"hidden":false,"anchorPoint":{"pointX":0.5,"pointY":0.5}},"texture":"BDAA4DEF1069C8ADAAD615490BAA5312"}]}]},{"animations":[],"initialState":{"affineTransform":[1,0,0,1,0,0],"masksToBounds":false,"rotation":0,"scale":1,"position":{"pointX":960,"pointY":540},"width":1920,"sublayerTransform":[1,0,0,0,0,1,0,0,0,0,1,0,0,0,0,1],"contentsRect":{"y":0,"x":0,"width":1,"height":1},"opacity":1,"edgeAntialiasingMask":251658240,"height":1080,"hidden":false,"anchorPoint":{"pointX":0.5,"pointY":0.5}},"layers":[{"animations":[],"initialState":{"affineTransform":[1,0,0,1,0,0],"masksToBounds":false,"rotation":0,"scale":1,"position":{"pointX":961.00006103515625,"pointY":645.15017700195312},"width":1802,"sublayerTransform":[1,0,0,0,0,1,0,0,0,0,1,0,0,0,0,1],"contentsRect":{"y":0,"x":0,"width":1,"height":1},"opacity":1,"edgeAntialiasingMask":251658240,"height":540,"hidden":false,"anchorPoint":{"pointX":0.5,"pointY":0.5}},"layers":[{"animations":[],"layers":[],"texturedRectangle":{"isBackgroundTexture":true,"singleTextureOpacity":1,"textureType":5,"textBaseline":0,"textXHeight":0,"isVerticalText":false},"initialState":{"affineTransform":[1,0,0,1,0,0],"masksToBounds":false,"rotation":0,"scale":1,"position":{"pointX":899.99993896484375,"pointY":268.84982299804688},"width":1802,"sublayerTransform":[1,0,0,0,0,1,0,0,0,0,1,0,0,0,0,1],"contentsRect":{"y":0,"x":0,"width":1,"height":1},"opacity":1,"edgeAntialiasingMask":0,"height":540,"hidden":false,"anchorPoint":{"pointX":0.5,"pointY":0.5}},"texture":"EF4FD83F71359449D832571359D9CE2C"}]}]},{"animations":[],"initialState":{"affineTransform":[1,0,0,1,0,0],"masksToBounds":false,"rotation":0,"scale":1,"position":{"pointX":960,"pointY":540},"width":1920,"sublayerTransform":[1,0,0,0,0,1,0,0,0,0,1,0,0,0,0,1],"contentsRect":{"y":0,"x":0,"width":1,"height":1},"opacity":1,"edgeAntialiasingMask":251658240,"height":1080,"hidden":false,"anchorPoint":{"pointX":0.5,"pointY":0.5}},"layers":[{"animations":[],"initialState":{"affineTransform":[1,0,0,1,0,0],"masksToBounds":false,"rotation":0,"scale":1,"position":{"pointX":632.681640625,"pointY":750.1961669921875},"width":248,"sublayerTransform":[1,0,0,0,0,1,0,0,0,0,1,0,0,0,0,1],"contentsRect":{"y":0,"x":0,"width":1,"height":1},"opacity":1,"edgeAntialiasingMask":251658240,"height":53,"hidden":false,"anchorPoint":{"pointX":0.5,"pointY":0.5}},"objectID":"51FEDF91-444E-4E32-BE27-881AE4511C0C","layers":[{"animations":[],"layers":[],"texturedRectangle":{"singleTextureOpacity":1,"textXHeight":0,"shapePath":{"lineWidth":1,"flatness":0.59999999999999998,"lineCapStyle":0,"elements":[{"type":"MoveToPoint","points":[[24.611615625000013,1.6961669921875]]},{"type":"AddLine","points":[[223.6312585205078,1.6961669921875]]},{"type":"AddCurve","points":[[230.20523065693021,1.6961669921875],[233.54319032397711,1.6961669921875],[237.08882662804285,2.8198378098927606]]},{"type":"AddCurve","points":[[240.96887612112164,4.2320603328530524],[244.02534017984226,7.2885243915736737],[245.43756270280255,11.168573884652346]]},{"type":"AddCurve","points":[[246.56123352050781,14.714210188718198],[246.56123352050781,18.052169855765101],[246.56123352050781,24.728089189858792]]},{"type":"AddLine","points":[[246.56123352050781,28.766191992187487]]},{"type":"AddCurve","points":[[246.56123352050781,35.340164128609899],[246.56123352050781,38.678123795656802],[245.43756270280255,42.223760099722654]]},{"type":"AddCurve","points":[[244.02534017984226,46.103809592801326],[240.96887612112164,49.160273651521948],[237.08882662804297,50.572496174482239]]},{"type":"AddCurve","points":[[233.54319032397711,51.6961669921875],[230.20523065693021,51.6961669921875],[223.52931132283652,51.6961669921875]]},{"type":"AddLine","points":[[24.611615625000013,51.6961669921875]]},{"type":"AddCurve","points":[[18.037643488577601,51.6961669921875],[14.699683821530698,51.6961669921875],[11.154047517464846,50.572496174482239]]},{"type":"AddCurve","points":[[7.2739980243861737,49.160273651521948],[4.2175339656655524,46.103809592801326],[2.8053114427052606,42.223760099722654]]},{"type":"AddCurve","points":[[1.681640625,38.678123795656802],[1.681640625,35.340164128609899],[1.681640625,28.664244794516208]]},{"type":"AddLine","points":[[1.681640625,24.626141992187513]]},{"type":"AddCurve","points":[[1.681640625,18.052169855765101],[1.681640625,14.714210188718198],[2.8053114427052606,11.168573884652346]]},{"type":"AddCurve","points":[[4.2175339656655524,7.2885243915736737],[7.2739980243861737,4.2320603328530524],[11.154047517464846,2.8198378098927606]]},{"type":"AddCurve","points":[[14.699683821530698,1.6961669921875],[18.037643488577601,1.6961669921875],[24.713562822671292,1.6961669921875]]},{"type":"CloseSubpath"},{"type":"MoveToPoint","points":[[24.611615625000013,1.6961669921875]]}],"windingRule":0,"lineJoinStyle":0,"miterLimit":10},"isBackgroundTexture":true,"textBaseline":0,"isVerticalText":false,"textureType":5},"initialState":{"affineTransform":[1,0,0,1,0,0],"masksToBounds":false,"rotation":0,"scale":1,"position":{"pointX":122.318359375,"pointY":24.8038330078125},"width":248,"sublayerTransform":[1,0,0,0,0,1,0,0,0,0,1,0,0,0,0,1],"contentsRect":{"y":0,"x":0,"width":1,"height":1},"opacity":1,"edgeAntialiasingMask":0,"height":53,"hidden":true,"anchorPoint":{"pointX":0.5,"pointY":0.5}},"texture":"F8714B62FB46BD6FD160CA7BED45BD4A"}]}]},{"animations":[],"initialState":{"affineTransform":[1,0,0,1,0,0],"masksToBounds":false,"rotation":0,"scale":1,"position":{"pointX":960,"pointY":540},"width":1920,"sublayerTransform":[1,0,0,0,0,1,0,0,0,0,1,0,0,0,0,1],"contentsRect":{"y":0,"x":0,"width":1,"height":1},"opacity":1,"edgeAntialiasingMask":251658240,"height":1080,"hidden":false,"anchorPoint":{"pointX":0.5,"pointY":0.5}},"layers":[{"animations":[],"initialState":{"affineTransform":[1,0,0,1,0,0],"masksToBounds":false,"rotation":0,"scale":1,"position":{"pointX":377.681640625,"pointY":585.1961669921875},"width":618,"sublayerTransform":[1,0,0,0,0,1,0,0,0,0,1,0,0,0,0,1],"contentsRect":{"y":0,"x":0,"width":1,"height":1},"opacity":1,"edgeAntialiasingMask":251658240,"height":53,"hidden":false,"anchorPoint":{"pointX":0.5,"pointY":0.5}},"objectID":"252D6D39-A93E-4E59-A6F0-7CA73D39BD2D","layers":[{"animations":[],"layers":[],"texturedRectangle":{"singleTextureOpacity":1,"textXHeight":0,"shapePath":{"lineWidth":1,"flatness":0.59999999999999998,"lineCapStyle":0,"elements":[{"type":"MoveToPoint","points":[[24.611615624999999,1.6961669921875]]},{"type":"AddLine","points":[[593.34999326171874,1.6961669921875]]},{"type":"AddCurve","points":[[599.92396539814115,1.6961669921875],[603.26192506518805,1.6961669921875],[606.8075613692539,2.8198378098927606]]},{"type":"AddCurve","points":[[610.68761086233258,4.2320603328530524],[613.7440749210532,7.2885243915736737],[615.15629744401349,11.168573884652346]]},{"type":"AddCurve","points":[[616.27996826171875,14.714210188718198],[616.27996826171875,18.052169855765101],[616.27996826171875,24.728089189858792]]},{"type":"AddLine","points":[[616.27996826171875,28.766191992187487]]},{"type":"AddCurve","points":[[616.27996826171875,35.340164128609899],[616.27996826171875,38.678123795656802],[615.15629744401349,42.223760099722654]]},{"type":"AddCurve","points":[[613.7440749210532,46.103809592801326],[610.68761086233258,49.160273651521948],[606.8075613692539,50.572496174482239]]},{"type":"AddCurve","points":[[603.26192506518805,51.6961669921875],[599.92396539814115,51.6961669921875],[593.24804606404746,51.6961669921875]]},{"type":"AddLine","points":[[24.611615624999999,51.6961669921875]]},{"type":"AddCurve","points":[[18.037643488577572,51.6961669921875],[14.699683821530712,51.6961669921875],[11.154047517464889,50.572496174482239]]},{"type":"AddCurve","points":[[7.2739980243862021,49.160273651521948],[4.2175339656655524,46.103809592801326],[2.8053114427052321,42.223760099722654]]},{"type":"AddCurve","points":[[1.681640625,38.678123795656802],[1.681640625,35.340164128609899],[1.681640625,28.664244794516208]]},{"type":"AddLine","points":[[1.681640625,24.626141992187513]]},{"type":"AddCurve","points":[[1.681640625,18.052169855765101],[1.681640625,14.714210188718198],[2.8053114427052321,11.168573884652346]]},{"type":"AddCurve","points":[[4.2175339656655524,7.2885243915736737],[7.2739980243862021,4.2320603328530524],[11.154047517464889,2.8198378098927606]]},{"type":"AddCurve","points":[[14.699683821530712,1.6961669921875],[18.037643488577572,1.6961669921875],[24.713562822671292,1.6961669921875]]},{"type":"CloseSubpath"},{"type":"MoveToPoint","points":[[24.611615624999999,1.6961669921875]]}],"windingRule":0,"lineJoinStyle":0,"miterLimit":10},"isBackgroundTexture":true,"textBaseline":0,"isVerticalText":false,"textureType":5},"initialState":{"affineTransform":[1,0,0,1,0,0],"masksToBounds":false,"rotation":0,"scale":1,"position":{"pointX":307.318359375,"pointY":24.8038330078125},"width":618,"sublayerTransform":[1,0,0,0,0,1,0,0,0,0,1,0,0,0,0,1],"contentsRect":{"y":0,"x":0,"width":1,"height":1},"opacity":1,"edgeAntialiasingMask":0,"height":53,"hidden":false,"anchorPoint":{"pointX":0.5,"pointY":0.5}},"texture":"8C96E28B0C2B08F0CFC59FED041D1D6F"}]}]}]}},{"effects":[{"beginTime":0,"baseLayer":{"animations":[],"initialState":{"affineTransform":[1,0,0,1,0,0],"masksToBounds":false,"rotation":0,"scale":1,"position":{"pointX":632.681640625,"pointY":750.1961669921875},"width":248,"sublayerTransform":[1,0,0,0,0,1,0,0,0,0,1,0,0,0,0,1],"contentsRect":{"y":0,"x":0,"width":1,"height":1},"opacity":1,"edgeAntialiasingMask":251658240,"height":53,"hidden":false,"anchorPoint":{"pointX":0.5,"pointY":0.5}},"objectID":"51FEDF91-444E-4E32-BE27-881AE4511C0C","layers":[{"animations":[],"initialState":{"affineTransform":[1,0,0,1,0,0],"masksToBounds":false,"rotation":0,"scale":1,"position":{"pointX":451.318359375,"pointY":-183.6961669921875},"width":248,"sublayerTransform":[1,0,0,0,0,1,0,0,0,0,1,-0.00035007912466775983,0,0,0,1],"contentsRect":{"y":0,"x":0,"width":1,"height":1},"opacity":1,"edgeAntialiasingMask":251658240,"height":53,"hidden":false,"anchorPoint":{"pointX":1.8198320942540323,"pointY":-3.4659654149469339}},"layers":[{"animations":[{"timeOffset":0,"beginTime":1e-100,"repeatCount":0,"animations":[{"timeOffset":0,"from":{"scalar":0},"beginTime":0,"repeatCount":0,"fillMode":"both","duration":0.80000000000000004,"autoreverses":false,"timingFunction":"EaseInEaseOut","property":"opacity","to":{"scalar":1}},{"timeOffset":0,"from":{"scalar":false},"beginTime":0,"repeatCount":0,"fillMode":"forwards","property":"hidden","autoreverses":false,"duration":0.80000000000000004,"to":{"scalar":false}}],"fillMode":"both","autoreverses":false,"duration":0.80000000000000004}],"layers":[],"texturedRectangle":{"singleTextureOpacity":1,"textXHeight":0,"shapePath":{"lineWidth":1,"flatness":0.59999999999999998,"lineCapStyle":0,"elements":[{"type":"MoveToPoint","points":[[24.611615625000013,1.6961669921875]]},{"type":"AddLine","points":[[223.6312585205078,1.6961669921875]]},{"type":"AddCurve","points":[[230.20523065693021,1.6961669921875],[233.54319032397711,1.6961669921875],[237.08882662804285,2.8198378098927606]]},{"type":"AddCurve","points":[[240.96887612112164,4.2320603328530524],[244.02534017984226,7.2885243915736737],[245.43756270280255,11.168573884652346]]},{"type":"AddCurve","points":[[246.56123352050781,14.714210188718198],[246.56123352050781,18.052169855765101],[246.56123352050781,24.728089189858792]]},{"type":"AddLine","points":[[246.56123352050781,28.766191992187487]]},{"type":"AddCurve","points":[[246.56123352050781,35.340164128609899],[246.56123352050781,38.678123795656802],[245.43756270280255,42.223760099722654]]},{"type":"AddCurve","points":[[244.02534017984226,46.103809592801326],[240.96887612112164,49.160273651521948],[237.08882662804297,50.572496174482239]]},{"type":"AddCurve","points":[[233.54319032397711,51.6961669921875],[230.20523065693021,51.6961669921875],[223.52931132283652,51.6961669921875]]},{"type":"AddLine","points":[[24.611615625000013,51.6961669921875]]},{"type":"AddCurve","points":[[18.037643488577601,51.6961669921875],[14.699683821530698,51.6961669921875],[11.154047517464846,50.572496174482239]]},{"type":"AddCurve","points":[[7.2739980243861737,49.160273651521948],[4.2175339656655524,46.103809592801326],[2.8053114427052606,42.223760099722654]]},{"type":"AddCurve","points":[[1.681640625,38.678123795656802],[1.681640625,35.340164128609899],[1.681640625,28.664244794516208]]},{"type":"AddLine","points":[[1.681640625,24.626141992187513]]},{"type":"AddCurve","points":[[1.681640625,18.052169855765101],[1.681640625,14.714210188718198],[2.8053114427052606,11.168573884652346]]},{"type":"AddCurve","points":[[4.2175339656655524,7.2885243915736737],[7.2739980243861737,4.2320603328530524],[11.154047517464846,2.8198378098927606]]},{"type":"AddCurve","points":[[14.699683821530698,1.6961669921875],[18.037643488577601,1.6961669921875],[24.713562822671292,1.6961669921875]]},{"type":"CloseSubpath"},{"type":"MoveToPoint","points":[[24.611615625000013,1.6961669921875]]}],"windingRule":0,"lineJoinStyle":0,"miterLimit":10},"isBackgroundTexture":true,"textBaseline":0,"isVerticalText":false,"textureType":5},"initialState":{"affineTransform":[1,0,0,1,0,0],"masksToBounds":false,"rotation":0,"scale":1,"position":{"pointX":122.318359375,"pointY":24.8038330078125},"width":248,"sublayerTransform":[1,0,0,0,0,1,0,0,0,0,1,0,0,0,0,1],"contentsRect":{"y":0,"x":0,"width":1,"height":1},"opacity":1,"edgeAntialiasingMask":0,"height":53,"hidden":true,"anchorPoint":{"pointX":0.5,"pointY":0.5}},"texture":"F8714B62FB46BD6FD160CA7BED45BD4A"}]}]},"effects":[],"duration":0.80000000000000004,"type":"buildIn","name":"apple:dissolve character","objectID":"51FEDF91-444E-4E32-BE27-881AE4511C0C"}],"automaticPlay":false,"hyperlinks":[],"accessibility":[{"text":"Screen Shot 2019-02-02 at 14.53.47.png","targetRectangle":{"y":375.15017700195312,"x":60.00006103515625,"width":1799.9998779296875,"height":537.69964599609375}},{"text":"Macro lore","targetRectangle":{"y":53.000000953674316,"x":64,"width":253.1889207227664,"height":43}},{"text":"C-style macros","targetRectangle":{"y":174,"x":64,"width":538.7351420454545,"height":72}}],"baseLayer":{"animations":[],"initialState":{"affineTransform":[1,0,0,1,0,0],"masksToBounds":false,"rotation":0,"scale":1,"position":{"pointX":960,"pointY":540},"width":1920,"sublayerTransform":[1,0,0,0,0,1,0,0,0,0,1,0,0,0,0,1],"contentsRect":{"y":0,"x":0,"width":1,"height":1},"opacity":1,"edgeAntialiasingMask":251658240,"height":1080,"hidden":false,"anchorPoint":{"pointX":0.5,"pointY":0.5}},"layers":[{"animations":[],"initialState":{"affineTransform":[1,0,0,1,0,0],"masksToBounds":false,"rotation":0,"scale":1,"position":{"pointX":960,"pointY":540},"width":1920,"sublayerTransform":[1,0,0,0,0,1,0,0,0,0,1,0,0,0,0,1],"contentsRect":{"y":0,"x":0,"width":1,"height":1},"opacity":1,"edgeAntialiasingMask":251658240,"height":1080,"hidden":false,"anchorPoint":{"pointX":0.5,"pointY":0.5}},"layers":[{"animations":[],"initialState":{"affineTransform":[1,0,0,1,0,0],"masksToBounds":false,"rotation":0,"scale":1,"position":{"pointX":960,"pointY":540},"width":1920,"sublayerTransform":[1,0,0,0,0,1,0,0,0,0,1,0,0,0,0,1],"contentsRect":{"y":0,"x":0,"width":1,"height":1},"opacity":1,"edgeAntialiasingMask":251658240,"height":1080,"hidden":false,"anchorPoint":{"pointX":0.5,"pointY":0.5}},"layers":[{"animations":[],"layers":[],"texturedRectangle":{"isBackgroundTexture":true,"singleTextureOpacity":1,"textureType":1,"textBaseline":0,"textXHeight":0,"isVerticalText":false},"initialState":{"affineTransform":[1,0,0,1,0,0],"masksToBounds":false,"rotation":0,"scale":1,"position":{"pointX":960,"pointY":540},"width":1920,"sublayerTransform":[1,0,0,0,0,1,0,0,0,0,1,0,0,0,0,1],"contentsRect":{"y":0,"x":0,"width":1,"height":1},"opacity":1,"edgeAntialiasingMask":0,"height":1080,"hidden":false,"anchorPoint":{"pointX":0.5,"pointY":0.5}},"texture":"F060ECB2D3B13BDD8C493DD73E965B5C"}]}]},{"animations":[],"initialState":{"affineTransform":[1,0,0,1,0,0],"masksToBounds":false,"rotation":0,"scale":1,"position":{"pointX":960,"pointY":540},"width":1920,"sublayerTransform":[1,0,0,0,0,1,0,0,0,0,1,0,0,0,0,1],"contentsRect":{"y":0,"x":0,"width":1,"height":1},"opacity":1,"edgeAntialiasingMask":251658240,"height":1080,"hidden":false,"anchorPoint":{"pointX":0.5,"pointY":0.5}},"layers":[{"animations":[],"initialState":{"affineTransform":[1,0,0,1,0,0],"masksToBounds":false,"rotation":0,"scale":1,"position":{"pointX":961.49998389670304,"pointY":111.97106933606716},"width":1803,"sublayerTransform":[1,0,0,0,0,1,0,0,0,0,1,0,0,0,0,1],"contentsRect":{"y":0,"x":0,"width":1,"height":1},"opacity":1,"edgeAntialiasingMask":251658240,"height":6,"hidden":false,"anchorPoint":{"pointX":0.5,"pointY":0.5}},"layers":[{"animations":[],"layers":[],"texturedRectangle":{"singleTextureOpacity":1,"textXHeight":0,"shapePath":{"lineWidth":1,"flatness":0.59999999999999998,"lineCapStyle":0,"elements":[{"type":"MoveToPoint","points":[[2,3.000055268406868]]},{"type":"AddLine","points":[[1801.9998779296875,2.9710693359375]]}],"windingRule":0,"lineJoinStyle":0,"miterLimit":10},"isBackgroundTexture":true,"textBaseline":0,"isVerticalText":false,"textureType":5},"initialState":{"affineTransform":[1,0,0,1,0,0],"masksToBounds":false,"rotation":0,"scale":1,"position":{"pointX":899.50001610329696,"pointY":1.0289306639328402},"width":1803,"sublayerTransform":[1,0,0,0,0,1,0,0,0,0,1,0,0,0,0,1],"contentsRect":{"y":0,"x":0,"width":1,"height":1},"opacity":1,"edgeAntialiasingMask":0,"height":6,"hidden":false,"anchorPoint":{"pointX":0.5,"pointY":0.5}},"texture":"2B3E8F9E2C9BF261938F908927D94064"}]}]},{"animations":[],"initialState":{"affineTransform":[1,0,0,1,0,0],"masksToBounds":false,"rotation":0,"scale":1,"position":{"pointX":960,"pointY":540},"width":1920,"sublayerTransform":[1,0,0,0,0,1,0,0,0,0,1,0,0,0,0,1],"contentsRect":{"y":0,"x":0,"width":1,"height":1},"opacity":1,"edgeAntialiasingMask":251658240,"height":1080,"hidden":false,"anchorPoint":{"pointX":0.5,"pointY":0.5}},"layers":[{"animations":[],"initialState":{"affineTransform":[1,0,0,1,0,0],"masksToBounds":false,"rotation":0,"scale":1,"position":{"pointX":185,"pointY":64.000000953674316},"width":250,"sublayerTransform":[1,0,0,0,0,1,0,0,0,0,1,0,0,0,0,1],"contentsRect":{"y":0,"x":0,"width":1,"height":1},"opacity":1,"edgeAntialiasingMask":251658240,"height":30,"hidden":false,"anchorPoint":{"pointX":0.5,"pointY":0.5}},"layers":[{"animations":[],"layers":[],"texturedRectangle":{"singleTextureOpacity":1,"textXHeight":0.65454545454545454,"textBaseline":0.91874734958012894,"isBackgroundTexture":true,"isVerticalText":false,"textColor":[0.65252363681793213,0.66733616590499878,0.66081041097640991,1],"textureType":6},"initialState":{"affineTransform":[1,0,0,1,0,0],"masksToBounds":false,"rotation":0,"scale":1,"position":{"pointX":130,"pointY":25.999999046325684},"width":250,"sublayerTransform":[1,0,0,0,0,1,0,0,0,0,1,0,0,0,0,1],"contentsRect":{"y":0,"x":0,"width":1,"height":1},"opacity":1,"edgeAntialiasingMask":0,"height":30,"hidden":false,"anchorPoint":{"pointX":0.5,"pointY":0.5}},"texture":"E4664A83D8B7FB7A7A0B492E2B28A7FB"}]}]},{"animations":[],"initialState":{"affineTransform":[1,0,0,1,0,0],"masksToBounds":false,"rotation":0,"scale":1,"position":{"pointX":960,"pointY":540},"width":1920,"sublayerTransform":[1,0,0,0,0,1,0,0,0,0,1,0,0,0,0,1],"contentsRect":{"y":0,"x":0,"width":1,"height":1},"opacity":1,"edgeAntialiasingMask":251658240,"height":1080,"hidden":false,"anchorPoint":{"pointX":0.5,"pointY":0.5}},"layers":[{"animations":[],"initialState":{"affineTransform":[1,0,0,1,0,0],"masksToBounds":false,"rotation":0,"scale":1,"position":{"pointX":327.5,"pointY":194},"width":535,"sublayerTransform":[1,0,0,0,0,1,0,0,0,0,1,0,0,0,0,1],"contentsRect":{"y":0,"x":0,"width":1,"height":1},"opacity":1,"edgeAntialiasingMask":251658240,"height":48,"hidden":false,"anchorPoint":{"pointX":0.5,"pointY":0.5}},"layers":[{"animations":[],"layers":[],"texturedRectangle":{"singleTextureOpacity":1,"textXHeight":0.68215909090909088,"textBaseline":0.95688197026029231,"isBackgroundTexture":true,"isVerticalText":false,"textColor":[0.2039216160774231,0.64705884456634521,0.85490202903747559,1],"textureType":6},"initialState":{"affineTransform":[1,0,0,1,0,0],"masksToBounds":false,"rotation":0,"scale":1,"position":{"pointX":273.5,"pointY":40},"width":535,"sublayerTransform":[1,0,0,0,0,1,0,0,0,0,1,0,0,0,0,1],"contentsRect":{"y":0,"x":0,"width":1,"height":1},"opacity":1,"edgeAntialiasingMask":0,"height":48,"hidden":false,"anchorPoint":{"pointX":0.5,"pointY":0.5}},"texture":"BDAA4DEF1069C8ADAAD615490BAA5312"}]}]},{"animations":[],"initialState":{"affineTransform":[1,0,0,1,0,0],"masksToBounds":false,"rotation":0,"scale":1,"position":{"pointX":960,"pointY":540},"width":1920,"sublayerTransform":[1,0,0,0,0,1,0,0,0,0,1,0,0,0,0,1],"contentsRect":{"y":0,"x":0,"width":1,"height":1},"opacity":1,"edgeAntialiasingMask":251658240,"height":1080,"hidden":false,"anchorPoint":{"pointX":0.5,"pointY":0.5}},"layers":[{"animations":[],"initialState":{"affineTransform":[1,0,0,1,0,0],"masksToBounds":false,"rotation":0,"scale":1,"position":{"pointX":961.00006103515625,"pointY":645.15017700195312},"width":1802,"sublayerTransform":[1,0,0,0,0,1,0,0,0,0,1,0,0,0,0,1],"contentsRect":{"y":0,"x":0,"width":1,"height":1},"opacity":1,"edgeAntialiasingMask":251658240,"height":540,"hidden":false,"anchorPoint":{"pointX":0.5,"pointY":0.5}},"layers":[{"animations":[],"layers":[],"texturedRectangle":{"isBackgroundTexture":true,"singleTextureOpacity":1,"textureType":5,"textBaseline":0,"textXHeight":0,"isVerticalText":false},"initialState":{"affineTransform":[1,0,0,1,0,0],"masksToBounds":false,"rotation":0,"scale":1,"position":{"pointX":899.99993896484375,"pointY":268.84982299804688},"width":1802,"sublayerTransform":[1,0,0,0,0,1,0,0,0,0,1,0,0,0,0,1],"contentsRect":{"y":0,"x":0,"width":1,"height":1},"opacity":1,"edgeAntialiasingMask":0,"height":540,"hidden":false,"anchorPoint":{"pointX":0.5,"pointY":0.5}},"texture":"EF4FD83F71359449D832571359D9CE2C"}]}]},{"animations":[],"initialState":{"affineTransform":[1,0,0,1,0,0],"masksToBounds":false,"rotation":0,"scale":1,"position":{"pointX":960,"pointY":540},"width":1920,"sublayerTransform":[1,0,0,0,0,1,0,0,0,0,1,0,0,0,0,1],"contentsRect":{"y":0,"x":0,"width":1,"height":1},"opacity":1,"edgeAntialiasingMask":251658240,"height":1080,"hidden":false,"anchorPoint":{"pointX":0.5,"pointY":0.5}},"layers":[{"animations":[],"initialState":{"affineTransform":[1,0,0,1,0,0],"masksToBounds":false,"rotation":0,"scale":1,"position":{"pointX":632.681640625,"pointY":750.1961669921875},"width":248,"sublayerTransform":[1,0,0,0,0,1,0,0,0,0,1,0,0,0,0,1],"contentsRect":{"y":0,"x":0,"width":1,"height":1},"opacity":1,"edgeAntialiasingMask":251658240,"height":53,"hidden":false,"anchorPoint":{"pointX":0.5,"pointY":0.5}},"objectID":"51FEDF91-444E-4E32-BE27-881AE4511C0C","layers":[{"animations":[],"layers":[],"texturedRectangle":{"singleTextureOpacity":1,"textXHeight":0,"shapePath":{"lineWidth":1,"flatness":0.59999999999999998,"lineCapStyle":0,"elements":[{"type":"MoveToPoint","points":[[24.611615625000013,1.6961669921875]]},{"type":"AddLine","points":[[223.6312585205078,1.6961669921875]]},{"type":"AddCurve","points":[[230.20523065693021,1.6961669921875],[233.54319032397711,1.6961669921875],[237.08882662804285,2.8198378098927606]]},{"type":"AddCurve","points":[[240.96887612112164,4.2320603328530524],[244.02534017984226,7.2885243915736737],[245.43756270280255,11.168573884652346]]},{"type":"AddCurve","points":[[246.56123352050781,14.714210188718198],[246.56123352050781,18.052169855765101],[246.56123352050781,24.728089189858792]]},{"type":"AddLine","points":[[246.56123352050781,28.766191992187487]]},{"type":"AddCurve","points":[[246.56123352050781,35.340164128609899],[246.56123352050781,38.678123795656802],[245.43756270280255,42.223760099722654]]},{"type":"AddCurve","points":[[244.02534017984226,46.103809592801326],[240.96887612112164,49.160273651521948],[237.08882662804297,50.572496174482239]]},{"type":"AddCurve","points":[[233.54319032397711,51.6961669921875],[230.20523065693021,51.6961669921875],[223.52931132283652,51.6961669921875]]},{"type":"AddLine","points":[[24.611615625000013,51.6961669921875]]},{"type":"AddCurve","points":[[18.037643488577601,51.6961669921875],[14.699683821530698,51.6961669921875],[11.154047517464846,50.572496174482239]]},{"type":"AddCurve","points":[[7.2739980243861737,49.160273651521948],[4.2175339656655524,46.103809592801326],[2.8053114427052606,42.223760099722654]]},{"type":"AddCurve","points":[[1.681640625,38.678123795656802],[1.681640625,35.340164128609899],[1.681640625,28.664244794516208]]},{"type":"AddLine","points":[[1.681640625,24.626141992187513]]},{"type":"AddCurve","points":[[1.681640625,18.052169855765101],[1.681640625,14.714210188718198],[2.8053114427052606,11.168573884652346]]},{"type":"AddCurve","points":[[4.2175339656655524,7.2885243915736737],[7.2739980243861737,4.2320603328530524],[11.154047517464846,2.8198378098927606]]},{"type":"AddCurve","points":[[14.699683821530698,1.6961669921875],[18.037643488577601,1.6961669921875],[24.713562822671292,1.6961669921875]]},{"type":"CloseSubpath"},{"type":"MoveToPoint","points":[[24.611615625000013,1.6961669921875]]}],"windingRule":0,"lineJoinStyle":0,"miterLimit":10},"isBackgroundTexture":true,"textBaseline":0,"isVerticalText":false,"textureType":5},"initialState":{"affineTransform":[1,0,0,1,0,0],"masksToBounds":false,"rotation":0,"scale":1,"position":{"pointX":122.318359375,"pointY":24.8038330078125},"width":248,"sublayerTransform":[1,0,0,0,0,1,0,0,0,0,1,0,0,0,0,1],"contentsRect":{"y":0,"x":0,"width":1,"height":1},"opacity":1,"edgeAntialiasingMask":0,"height":53,"hidden":true,"anchorPoint":{"pointX":0.5,"pointY":0.5}},"texture":"F8714B62FB46BD6FD160CA7BED45BD4A"}]}]},{"animations":[],"initialState":{"affineTransform":[1,0,0,1,0,0],"masksToBounds":false,"rotation":0,"scale":1,"position":{"pointX":960,"pointY":540},"width":1920,"sublayerTransform":[1,0,0,0,0,1,0,0,0,0,1,0,0,0,0,1],"contentsRect":{"y":0,"x":0,"width":1,"height":1},"opacity":1,"edgeAntialiasingMask":251658240,"height":1080,"hidden":false,"anchorPoint":{"pointX":0.5,"pointY":0.5}},"layers":[{"animations":[],"initialState":{"affineTransform":[1,0,0,1,0,0],"masksToBounds":false,"rotation":0,"scale":1,"position":{"pointX":377.681640625,"pointY":585.1961669921875},"width":618,"sublayerTransform":[1,0,0,0,0,1,0,0,0,0,1,0,0,0,0,1],"contentsRect":{"y":0,"x":0,"width":1,"height":1},"opacity":1,"edgeAntialiasingMask":251658240,"height":53,"hidden":false,"anchorPoint":{"pointX":0.5,"pointY":0.5}},"objectID":"252D6D39-A93E-4E59-A6F0-7CA73D39BD2D","layers":[{"animations":[],"layers":[],"texturedRectangle":{"singleTextureOpacity":1,"textXHeight":0,"shapePath":{"lineWidth":1,"flatness":0.59999999999999998,"lineCapStyle":0,"elements":[{"type":"MoveToPoint","points":[[24.611615624999999,1.6961669921875]]},{"type":"AddLine","points":[[593.34999326171874,1.6961669921875]]},{"type":"AddCurve","points":[[599.92396539814115,1.6961669921875],[603.26192506518805,1.6961669921875],[606.8075613692539,2.8198378098927606]]},{"type":"AddCurve","points":[[610.68761086233258,4.2320603328530524],[613.7440749210532,7.2885243915736737],[615.15629744401349,11.168573884652346]]},{"type":"AddCurve","points":[[616.27996826171875,14.714210188718198],[616.27996826171875,18.052169855765101],[616.27996826171875,24.728089189858792]]},{"type":"AddLine","points":[[616.27996826171875,28.766191992187487]]},{"type":"AddCurve","points":[[616.27996826171875,35.340164128609899],[616.27996826171875,38.678123795656802],[615.15629744401349,42.223760099722654]]},{"type":"AddCurve","points":[[613.7440749210532,46.103809592801326],[610.68761086233258,49.160273651521948],[606.8075613692539,50.572496174482239]]},{"type":"AddCurve","points":[[603.26192506518805,51.6961669921875],[599.92396539814115,51.6961669921875],[593.24804606404746,51.6961669921875]]},{"type":"AddLine","points":[[24.611615624999999,51.6961669921875]]},{"type":"AddCurve","points":[[18.037643488577572,51.6961669921875],[14.699683821530712,51.6961669921875],[11.154047517464889,50.572496174482239]]},{"type":"AddCurve","points":[[7.2739980243862021,49.160273651521948],[4.2175339656655524,46.103809592801326],[2.8053114427052321,42.223760099722654]]},{"type":"AddCurve","points":[[1.681640625,38.678123795656802],[1.681640625,35.340164128609899],[1.681640625,28.664244794516208]]},{"type":"AddLine","points":[[1.681640625,24.626141992187513]]},{"type":"AddCurve","points":[[1.681640625,18.052169855765101],[1.681640625,14.714210188718198],[2.8053114427052321,11.168573884652346]]},{"type":"AddCurve","points":[[4.2175339656655524,7.2885243915736737],[7.2739980243862021,4.2320603328530524],[11.154047517464889,2.8198378098927606]]},{"type":"AddCurve","points":[[14.699683821530712,1.6961669921875],[18.037643488577572,1.6961669921875],[24.713562822671292,1.6961669921875]]},{"type":"CloseSubpath"},{"type":"MoveToPoint","points":[[24.611615624999999,1.6961669921875]]}],"windingRule":0,"lineJoinStyle":0,"miterLimit":10},"isBackgroundTexture":true,"textBaseline":0,"isVerticalText":false,"textureType":5},"initialState":{"affineTransform":[1,0,0,1,0,0],"masksToBounds":false,"rotation":0,"scale":1,"position":{"pointX":307.318359375,"pointY":24.8038330078125},"width":618,"sublayerTransform":[1,0,0,0,0,1,0,0,0,0,1,0,0,0,0,1],"contentsRect":{"y":0,"x":0,"width":1,"height":1},"opacity":1,"edgeAntialiasingMask":0,"height":53,"hidden":true,"anchorPoint":{"pointX":0.5,"pointY":0.5}},"texture":"8C96E28B0C2B08F0CFC59FED041D1D6F"}]}]}]}},{"effects":[{"beginTime":0,"baseLayer":{"animations":[],"initialState":{"affineTransform":[1,0,0,1,0,0],"masksToBounds":false,"rotation":0,"scale":1,"position":{"pointX":960,"pointY":540},"width":1920,"sublayerTransform":[1,0,0,0,0,1,0,0,0,0,1,0,0,0,0,1],"contentsRect":{"y":0,"x":0,"width":1,"height":1},"opacity":1,"edgeAntialiasingMask":251658240,"height":1080,"hidden":false,"anchorPoint":{"pointX":0.5,"pointY":0.5}},"objectID":"0","layers":[{"animations":[],"initialState":{"affineTransform":[1,0,0,1,0,0],"masksToBounds":false,"rotation":0,"scale":1,"position":{"pointX":960,"pointY":540},"width":1920,"sublayerTransform":[1,0,0,0,0,1,0,0,0,0,1,-0.00035007912466775983,0,0,0,1],"contentsRect":{"y":0,"x":0,"width":1,"height":1},"opacity":1,"edgeAntialiasingMask":251658240,"height":1080,"hidden":false,"anchorPoint":{"pointX":0.5,"pointY":0.5}},"layers":[{"animations":[],"layers":[],"texturedRectangle":{"isBackgroundTexture":false,"singleTextureOpacity":1,"textureType":0,"textBaseline":0,"textXHeight":0,"isVerticalText":false},"initialState":{"affineTransform":[1,0,0,1,0,0],"masksToBounds":false,"rotation":0,"scale":1,"position":{"pointX":960,"pointY":540},"width":1920,"sublayerTransform":[1,0,0,0,0,1,0,0,0,0,1,0,0,0,0,1],"contentsRect":{"y":0,"x":0,"width":1,"height":1},"opacity":1,"edgeAntialiasingMask":0,"height":1080,"hidden":false,"anchorPoint":{"pointX":0.5,"pointY":0.5}},"texture":"F26003B2BBE120674DBCFF34E7788B3D"},{"animations":[{"timeOffset":0,"from":{"scalar":false},"beginTime":0,"repeatCount":0,"fillMode":"both","property":"hidden","autoreverses":false,"duration":0.01,"to":{"scalar":true}}],"layers":[],"texturedRectangle":{"isBackgroundTexture":false,"singleTextureOpacity":1,"textureType":0,"textBaseline":0,"textXHeight":0,"isVerticalText":false},"initialState":{"affineTransform":[1,0,0,1,0,0],"masksToBounds":false,"rotation":0,"scale":1,"position":{"pointX":960,"pointY":540},"width":1920,"sublayerTransform":[1,0,0,0,0,1,0,0,0,0,1,0,0,0,0,1],"contentsRect":{"y":0,"x":0,"width":1,"height":1},"opacity":1,"edgeAntialiasingMask":0,"height":1080,"hidden":false,"anchorPoint":{"pointX":0.5,"pointY":0.5}},"texture":"FBD65D3143E2E206DDD39459F3B9F86B"}]}]},"effects":[],"duration":0.01,"type":"transition","name":"none","objectID":"0"}],"automaticPlay":false,"hyperlinks":[],"accessibility":[{"text":"Screen Shot 2019-02-02 at 14.53.47.png","targetRectangle":{"y":375.15017700195312,"x":60.00006103515625,"width":1799.9998779296875,"height":537.69964599609375}},{"text":"Macro lore","targetRectangle":{"y":53.000000953674316,"x":64,"width":253.1889207227664,"height":43}},{"text":"C-style macros","targetRectangle":{"y":174,"x":64,"width":538.7351420454545,"height":72}}],"baseLayer":{"animations":[],"initialState":{"affineTransform":[1,0,0,1,0,0],"masksToBounds":false,"rotation":0,"scale":1,"position":{"pointX":960,"pointY":540},"width":1920,"sublayerTransform":[1,0,0,0,0,1,0,0,0,0,1,0,0,0,0,1],"contentsRect":{"y":0,"x":0,"width":1,"height":1},"opacity":1,"edgeAntialiasingMask":251658240,"height":1080,"hidden":false,"anchorPoint":{"pointX":0.5,"pointY":0.5}},"objectID":"0","layers":[{"animations":[],"initialState":{"affineTransform":[1,0,0,1,0,0],"masksToBounds":false,"rotation":0,"scale":1,"position":{"pointX":960,"pointY":540},"width":1920,"sublayerTransform":[1,0,0,0,0,1,0,0,0,0,1,-0.00035007912466775983,0,0,0,1],"contentsRect":{"y":0,"x":0,"width":1,"height":1},"opacity":1,"edgeAntialiasingMask":251658240,"height":1080,"hidden":false,"anchorPoint":{"pointX":0.5,"pointY":0.5}},"layers":[{"animations":[],"layers":[],"texturedRectangle":{"isBackgroundTexture":false,"singleTextureOpacity":1,"textureType":0,"textBaseline":0,"textXHeight":0,"isVerticalText":false},"initialState":{"affineTransform":[1,0,0,1,0,0],"masksToBounds":false,"rotation":0,"scale":1,"position":{"pointX":960,"pointY":540},"width":1920,"sublayerTransform":[1,0,0,0,0,1,0,0,0,0,1,0,0,0,0,1],"contentsRect":{"y":0,"x":0,"width":1,"height":1},"opacity":1,"edgeAntialiasingMask":0,"height":1080,"hidden":false,"anchorPoint":{"pointX":0.5,"pointY":0.5}},"texture":"FBD65D3143E2E206DDD39459F3B9F86B"}]}]}}]}