{"assets":{"0B2702BF389589DD74C2C5A341391595":{"type":"texture","index":10,"assetRequest":{"type":"slide","state":"contents","slide":"none"},"url":{"native":"assets\/E2DF5DDB-2A45-4E54-AF02-07627F25CCF7.pdf"},"width":152,"height":81},"580D76E429FAEF552B50CBA91BC3F9AA":{"type":"texture","index":5,"assetRequest":{"type":"slide","state":"contents","slide":"none"},"url":{"native":"assets\/E2DF5DDB-2A45-4E54-AF02-07627F25CCF7.pdf"},"width":36,"height":96},"B596EF16FA689F06FF020433E5AA9A45":{"type":"texture","index":4,"assetRequest":{"type":"slide","state":"contents","slide":"none"},"url":{"native":"assets\/E2DF5DDB-2A45-4E54-AF02-07627F25CCF7.pdf"},"width":57,"height":58},"A884C3DAB6BAB3C0317246D351F0F4D4":{"type":"texture","index":9,"assetRequest":{"type":"slide","state":"contents","slide":"none"},"url":{"native":"assets\/E2DF5DDB-2A45-4E54-AF02-07627F25CCF7.pdf"},"width":37,"height":96},"BC2D3370B9A36370204E62EC4B215DF8":{"type":"texture","index":6,"assetRequest":{"type":"slide","state":"contents","slide":"none"},"url":{"native":"assets\/E2DF5DDB-2A45-4E54-AF02-07627F25CCF7.pdf"},"width":54,"height":78},"073E4473CB2D8DC5B3C03C113960AD44":{"type":"texture","index":2,"assetRequest":{"type":"slide","state":"contents","slide":"none"},"url":{"native":"assets\/E2DF5DDB-2A45-4E54-AF02-07627F25CCF7.pdf"},"width":506,"height":31},"8CB80D0808B99A308C1F53F613F57017":{"type":"texture","index":12,"assetRequest":{"type":"slide","state":"contents","slide":"none"},"url":{"native":"assets\/E2DF5DDB-2A45-4E54-AF02-07627F25CCF7.pdf"},"width":70,"height":70},"568EA9E4846F6752CF101DEB53E31677":{"type":"texture","index":13,"assetRequest":{"type":"slide","state":"contents","slide":"none"},"url":{"native":"assets\/E2DF5DDB-2A45-4E54-AF02-07627F25CCF7.pdf"},"width":64,"height":63},"CAA8BC12A085A01D238C77AE7090BAF7":{"type":"texture","index":8,"assetRequest":{"type":"slide","state":"contents","slide":"none"},"url":{"native":"assets\/E2DF5DDB-2A45-4E54-AF02-07627F25CCF7.pdf"},"width":58,"height":76},"F060ECB2D3B13BDD8C493DD73E965B5C":{"type":"texture","index":0,"assetRequest":{"type":"slide","state":"contents","slide":"none"},"url":{"native":"assets\/E2DF5DDB-2A45-4E54-AF02-07627F25CCF7.pdf"},"width":1920,"height":1080},"D97A1CE63311D02691A55904DA293B49":{"type":"texture","index":7,"assetRequest":{"type":"slide","state":"contents","slide":"none"},"url":{"native":"assets\/E2DF5DDB-2A45-4E54-AF02-07627F25CCF7.pdf"},"width":55,"height":61},"025EC0EE26C870038F297588A1784D44":{"type":"texture","index":3,"assetRequest":{"type":"slide","state":"contents","slide":"none"},"url":{"native":"assets\/E2DF5DDB-2A45-4E54-AF02-07627F25CCF7.pdf"},"width":53,"height":77},"E64F68FE9A4625ACC38B05C0A7EEDCAA":{"type":"texture","index":15,"assetRequest":{"type":"slide","state":"contents","slide":"none"},"url":{"native":"assets\/E2DF5DDB-2A45-4E54-AF02-07627F25CCF7.pdf"},"width":1920,"height":1080},"191BCDB50F0F8426C676545D7803DCAB":{"type":"texture","index":11,"assetRequest":{"type":"slide","state":"contents","slide":"none"},"url":{"native":"assets\/E2DF5DDB-2A45-4E54-AF02-07627F25CCF7.pdf"},"width":110,"height":85},"2B3E8F9E2C9BF261938F908927D94064":{"type":"texture","index":1,"assetRequest":{"type":"slide","state":"contents","slide":"none"},"url":{"native":"assets\/E2DF5DDB-2A45-4E54-AF02-07627F25CCF7.pdf"},"width":1803,"height":6},"BA3EA1AC14CA31C537FFA3CB19613026":{"type":"texture","index":14,"assetRequest":{"type":"slide","state":"contents","slide":"none"},"url":{"native":"assets\/E2DF5DDB-2A45-4E54-AF02-07627F25CCF7.pdf"},"width":1920,"height":1080}},"events":[{"effects":[{"beginTime":0,"baseLayer":{"animations":[],"initialState":{"affineTransform":[1,0,0,1,0,0],"masksToBounds":false,"rotation":0,"scale":1,"position":{"pointX":839.18182373046875,"pointY":495.50000095367432},"width":57,"sublayerTransform":[1,0,0,0,0,1,0,0,0,0,1,0,0,0,0,1],"contentsRect":{"y":0,"x":0,"width":1,"height":1},"opacity":1,"edgeAntialiasingMask":251658240,"height":58,"hidden":false,"anchorPoint":{"pointX":0.5,"pointY":0.5}},"objectID":"BA6EFE60-54FD-4A62-AE62-8637FA194F9D","layers":[{"animations":[{"timeOffset":0,"values":[{"pointX":36.31818181818187,"pointY":76},{"pointX":36.918181665593977,"pointY":73.46250030517578},{"pointX":37.518181513006084,"pointY":70.925000610351574},{"pointX":38.118181360418191,"pointY":68.387500915527369},{"pointX":38.718181207830305,"pointY":65.850001220703149},{"pointX":39.318181055242405,"pointY":63.312501525878929},{"pointX":39.91818090265452,"pointY":60.775001831054723},{"pointX":40.518180750066627,"pointY":58.237502136230511},{"pointX":41.118180597478741,"pointY":55.700002441406298},{"pointX":41.718180444890841,"pointY":53.162502746582085},{"pointX":42.318180292302948,"pointY":50.625003051757865},{"pointX":42.918180139715062,"pointY":48.087503356933659},{"pointX":43.518179987127169,"pointY":45.550003662109447},{"pointX":44.118179834539276,"pointY":43.012503967285227},{"pointX":44.718179681951383,"pointY":40.475004272461007},{"pointX":45.318179529363491,"pointY":37.937504577636801},{"pointX":45.918179376775598,"pointY":35.400004882812581},{"pointX":46.518179224187719,"pointY":32.862505187988354},{"pointX":47.118179071599819,"pointY":30.325005493164149},{"pointX":47.718178919011933,"pointY":27.787505798339925},{"pointX":48.31817876642404,"pointY":25.250006103515705},{"pointX":48.918178613836147,"pointY":22.712506408691496},{"pointX":49.518178461248247,"pointY":20.175006713867276},{"pointX":50.118178308660362,"pointY":17.637507019043056},{"pointX":50.718178156072469,"pointY":15.100007324218845},{"pointX":51.318178003484583,"pointY":12.562507629394624},{"pointX":51.918177850896683,"pointY":10.025007934570411},{"pointX":52.51817769830879,"pointY":7.4875082397462034},{"pointX":53.118177545720911,"pointY":4.9500085449219862},{"pointX":53.718177393133011,"pointY":2.4125088500978009},{"pointX":54.318177240545126,"pointY":-0.1249908447264127},{"pointX":54.918177087957226,"pointY":-2.6624905395506198},{"pointX":55.518176935369333,"pointY":-5.1999902343748357},{"pointX":56.118176782781433,"pointY":-7.7374899291990502},{"pointX":56.718176630193547,"pointY":-10.274989624023256},{"pointX":57.318176477605647,"pointY":-12.812489318847447},{"pointX":57.918176325017754,"pointY":-15.34998901367166},{"pointX":58.518176172429861,"pointY":-17.887488708495873},{"pointX":59.118176019841968,"pointY":-20.424988403320079},{"pointX":59.718175867254075,"pointY":-22.962488098144298},{"pointX":60.318175714666189,"pointY":-25.499987792968511},{"pointX":60.918175562078289,"pointY":-28.037487487792692},{"pointX":61.518175409490397,"pointY":-30.574987182616905},{"pointX":62.118175256902504,"pointY":-33.112486877441121},{"pointX":62.718175104314611,"pointY":-35.649986572265334},{"pointX":63.318174951726718,"pointY":-38.18748626708954},{"pointX":63.918174799138825,"pointY":-40.72498596191376},{"pointX":64.518174646550932,"pointY":-43.262485656737937},{"pointX":65.118174493963039,"pointY":-45.799985351562157},{"pointX":65.718174341375146,"pointY":-48.337485046386369},{"pointX":66.318174188787253,"pointY":-50.874984741210589},{"pointX":66.918174036199375,"pointY":-53.412484436034809},{"pointX":67.518173883611482,"pointY":-55.949984130859043},{"pointX":68.118173731023589,"pointY":-58.48748382568327},{"pointX":68.71817357843571,"pointY":-61.024983520507519},{"pointX":69.318173425847803,"pointY":-63.562483215331724},{"pointX":69.918173273259924,"pointY":-66.099982910155973},{"pointX":70.518173120672031,"pointY":-68.637482604980164},{"pointX":71.118172968084139,"pointY":-71.17498229980437},{"pointX":71.718172815496246,"pointY":-73.712481994628618},{"pointX":72.318172662908367,"pointY":-76.249981689452824},{"pointX":72.918172510320488,"pointY":-78.787481384277086},{"pointX":73.518172357732595,"pointY":-81.324981079101306},{"pointX":74.118172205144688,"pointY":-83.862480773925498},{"pointX":74.71817205255681,"pointY":-86.39998046874976},{"pointX":75.318171899968917,"pointY":-88.937480163573966},{"pointX":75.918171747381038,"pointY":-91.474979858398214},{"pointX":76.518171594793145,"pointY":-94.01247955322242},{"pointX":77.118171442205266,"pointY":-96.549979248046668},{"pointX":77.718171289617359,"pointY":-99.08747894287086},{"pointX":78.318171137029466,"pointY":-101.62497863769508},{"pointX":78.918170984441588,"pointY":-104.16247833251933},{"pointX":79.518170831853695,"pointY":-106.69997802734355},{"pointX":80.118170679265802,"pointY":-109.23747772216777},{"pointX":80.718170526677923,"pointY":-111.77497741699202},{"pointX":81.318170374090045,"pointY":-114.31247711181628},{"pointX":81.918170221502152,"pointY":-116.84997680664048},{"pointX":82.518170068914259,"pointY":-119.38747650146468},{"pointX":83.118169916326366,"pointY":-121.92497619628895},{"pointX":83.718169763738487,"pointY":-124.46247589111316},{"pointX":84.318169611150594,"pointY":-126.99997558593741},{"pointX":84.918169458562701,"pointY":-129.53747528076161},{"pointX":85.518169305974808,"pointY":-132.0749749755858},{"pointX":86.118169153386916,"pointY":-134.61247467041005},{"pointX":86.718169000799037,"pointY":-137.14997436523424},{"pointX":87.318168848211144,"pointY":-139.68747406005852},{"pointX":87.918168695623251,"pointY":-142.22497375488274},{"pointX":88.518168543035372,"pointY":-144.76247344970699},{"pointX":89.11816839044748,"pointY":-147.29997314453118},{"pointX":89.718168237859587,"pointY":-149.83747283935543},{"pointX":90.318168085271694,"pointY":-152.37497253417965},{"pointX":90.918167932683815,"pointY":-154.91247222900387},{"pointX":91.518167780095922,"pointY":-157.44997192382812},{"pointX":92.118167627508043,"pointY":-159.98747161865234},{"pointX":92.718167474920136,"pointY":-162.52497131347653},{"pointX":93.318167322332243,"pointY":-165.06247100830075},{"pointX":93.918167169744365,"pointY":-167.599970703125},{"pointX":94.518167017156472,"pointY":-170.13747039794922},{"pointX":95.118166864568579,"pointY":-172.67497009277344},{"pointX":95.7181667119807,"pointY":-175.21246978759766},{"pointX":96.318166559392807,"pointY":-177.74996948242188}],"beginTime":1e-100,"repeatCount":0,"fillMode":"both","duration":1,"autoreverses":false,"timingFunction":"EaseInEaseOut","property":"position","keyTimes":[0,0.01,0.02,0.029999999999999999,0.040000000000000001,0.050000000000000003,0.059999999999999998,0.070000000000000007,0.080000000000000002,0.089999999999999997,0.10000000000000001,0.11,0.12,0.13,0.14000000000000001,0.14999999999999999,0.16,0.17000000000000001,0.17999999999999999,0.19,0.20000000000000001,0.20999999999999999,0.22,0.23000000000000001,0.23999999999999999,0.25,0.26000000000000001,0.27000000000000002,0.28000000000000003,0.28999999999999998,0.29999999999999999,0.31,0.32000000000000001,0.33000000000000002,0.34000000000000002,0.34999999999999998,0.35999999999999999,0.37,0.38,0.39000000000000001,0.40000000000000002,0.40999999999999998,0.41999999999999998,0.42999999999999999,0.44,0.45000000000000001,0.46000000000000002,0.46999999999999997,0.47999999999999998,0.48999999999999999,0.5,0.51000000000000001,0.52000000000000002,0.53000000000000003,0.54000000000000004,0.55000000000000004,0.56000000000000005,0.56999999999999995,0.57999999999999996,0.58999999999999997,0.59999999999999998,0.60999999999999999,0.62,0.63,0.64000000000000001,0.65000000000000002,0.66000000000000003,0.67000000000000004,0.68000000000000005,0.68999999999999995,0.69999999999999996,0.70999999999999996,0.71999999999999997,0.72999999999999998,0.73999999999999999,0.75,0.76000000000000001,0.77000000000000002,0.78000000000000003,0.79000000000000004,0.80000000000000004,0.81000000000000005,0.81999999999999995,0.82999999999999996,0.83999999999999997,0.84999999999999998,0.85999999999999999,0.87,0.88,0.89000000000000001,0.90000000000000002,0.91000000000000003,0.92000000000000004,0.93000000000000005,0.93999999999999995,0.94999999999999996,0.95999999999999996,0.96999999999999997,0.97999999999999998,0.98999999999999999,1]}],"layers":[],"texturedRectangle":{"singleTextureOpacity":1,"textXHeight":0.94043887147335425,"textBaseline":1.1246201252115184,"isBackgroundTexture":true,"isVerticalText":false,"textColor":[0.83741801977157593,0.83743780851364136,0.83742713928222656,1],"textureType":6},"initialState":{"affineTransform":[1,0,0,1,0,0],"masksToBounds":false,"rotation":0,"scale":1,"position":{"pointX":36.31818181818187,"pointY":76},"width":57,"sublayerTransform":[1,0,0,0,0,1,0,0,0,0,1,0,0,0,0,1],"contentsRect":{"y":0,"x":0,"width":1,"height":1},"opacity":1,"edgeAntialiasingMask":0,"height":58,"hidden":false,"anchorPoint":{"pointX":0.50877202716930914,"pointY":0.35344829230472957}},"texture":"B596EF16FA689F06FF020433E5AA9A45"}]},"effects":[],"duration":1,"type":"actionBuild","name":"apple:action-motion-path","objectID":"BA6EFE60-54FD-4A62-AE62-8637FA194F9D"},{"beginTime":0,"baseLayer":{"animations":[],"initialState":{"affineTransform":[1,0,0,1,0,0],"masksToBounds":false,"rotation":0,"scale":1,"position":{"pointX":1129.1817626953125,"pointY":509.50000095367432},"width":37,"sublayerTransform":[1,0,0,0,0,1,0,0,0,0,1,0,0,0,0,1],"contentsRect":{"y":0,"x":0,"width":1,"height":1},"opacity":1,"edgeAntialiasingMask":251658240,"height":96,"hidden":false,"anchorPoint":{"pointX":0.5,"pointY":0.5}},"objectID":"D5D4EF19-5004-49D9-AE08-5F3D83252DA6","layers":[{"animations":[],"initialState":{"affineTransform":[1,0,0,1,0,0],"masksToBounds":false,"rotation":0,"scale":1,"position":{"pointX":-150.6817626953125,"pointY":78.499999046325684},"width":37,"sublayerTransform":[1,0,0,0,0,1,0,0,0,0,1,-0.00035007912466775983,0,0,0,1],"contentsRect":{"y":0,"x":0,"width":1,"height":1},"opacity":1,"edgeAntialiasingMask":251658240,"height":96,"hidden":false,"anchorPoint":{"pointX":-4.0724800728462842,"pointY":0.81770832339922583}},"layers":[{"animations":[{"timeOffset":0,"beginTime":1e-100,"repeatCount":0,"animations":[{"repeatCount":0,"timingControlPoint2y":0.75664675235748291,"from":{"pointX":32.8182373046875,"pointY":93.499999046325684},"timingFunction":"custom","timeOffset":0,"autoreverses":false,"timingControlPoint1x":0.70026177167892456,"fillMode":"both","property":"position","duration":0.59999999999999998,"beginTime":0,"timingControlPoint2x":0.55952167510986328,"timingControlPoint1y":0,"to":{"pointX":32.8182373046875,"pointY":381.49999904632585}},{"repeatCount":0,"timingControlPoint2y":0.99922966957092285,"from":{"scalar":1},"timingFunction":"custom","timeOffset":0,"autoreverses":false,"timingControlPoint1x":0.70277547836303711,"fillMode":"both","property":"opacity","duration":0.59999999999999998,"beginTime":0,"timingControlPoint2x":0.30068531632423401,"timingControlPoint1y":0,"to":{"scalar":0}}],"fillMode":"both","autoreverses":false,"duration":0.59999999999999998}],"layers":[],"texturedRectangle":{"singleTextureOpacity":1,"textXHeight":0.56818181818181823,"textBaseline":0.78362465898195899,"isBackgroundTexture":true,"isVerticalText":false,"textColor":[0.83741801977157593,0.83743780851364136,0.83742713928222656,1],"textureType":6},"initialState":{"affineTransform":[1,0,0,1,0,0],"masksToBounds":false,"rotation":0,"scale":1,"position":{"pointX":32.8182373046875,"pointY":93.499999046325684},"width":37,"sublayerTransform":[1,0,0,0,0,1,0,0,0,0,1,0,0,0,0,1],"contentsRect":{"y":0,"x":0,"width":1,"height":1},"opacity":1,"edgeAntialiasingMask":0,"height":96,"hidden":false,"anchorPoint":{"pointX":0.5,"pointY":0.5}},"texture":"A884C3DAB6BAB3C0317246D351F0F4D4"}]}]},"effects":[],"duration":0.59999999999999998,"type":"buildOut","name":"apple:fade and move character","objectID":"D5D4EF19-5004-49D9-AE08-5F3D83252DA6"},{"beginTime":0,"baseLayer":{"animations":[],"initialState":{"affineTransform":[1,0,0,1,0,0],"masksToBounds":false,"rotation":0,"scale":1,"position":{"pointX":888.68182373046875,"pointY":510.50000095367432},"width":36,"sublayerTransform":[1,0,0,0,0,1,0,0,0,0,1,0,0,0,0,1],"contentsRect":{"y":0,"x":0,"width":1,"height":1},"opacity":1,"edgeAntialiasingMask":251658240,"height":96,"hidden":false,"anchorPoint":{"pointX":0.5,"pointY":0.5}},"objectID":"38B7F70A-4F11-4B6A-9A37-C338F4819A38","layers":[{"animations":[],"initialState":{"affineTransform":[1,0,0,1,0,0],"masksToBounds":false,"rotation":0,"scale":1,"position":{"pointX":89.31817626953125,"pointY":77.499999046325684},"width":36,"sublayerTransform":[1,0,0,0,0,1,0,0,0,0,1,-0.00035007912466775983,0,0,0,1],"contentsRect":{"y":0,"x":0,"width":1,"height":1},"opacity":1,"edgeAntialiasingMask":251658240,"height":96,"hidden":false,"anchorPoint":{"pointX":2.4810604519314237,"pointY":0.8072916567325592}},"layers":[{"animations":[{"timeOffset":0,"beginTime":1e-100,"repeatCount":0,"animations":[{"repeatCount":0,"timingControlPoint2y":0.75664675235748291,"from":{"pointX":38.31817626953125,"pointY":93.499999046325684},"timingFunction":"custom","timeOffset":0,"autoreverses":false,"timingControlPoint1x":0.70026177167892456,"fillMode":"both","property":"position","duration":0.40000000000000002,"beginTime":0,"timingControlPoint2x":0.55952167510986328,"timingControlPoint1y":0,"to":{"pointX":38.31817626953125,"pointY":338.36412948110831}},{"repeatCount":0,"timingControlPoint2y":0.99922966957092285,"from":{"scalar":1},"timingFunction":"custom","timeOffset":0,"autoreverses":false,"timingControlPoint1x":0.70277547836303711,"fillMode":"both","property":"opacity","duration":0.40000000000000002,"beginTime":0,"timingControlPoint2x":0.30068531632423401,"timingControlPoint1y":0,"to":{"scalar":0}}],"fillMode":"both","autoreverses":false,"duration":0.40000000000000002}],"layers":[],"texturedRectangle":{"singleTextureOpacity":1,"textXHeight":0.56818181818181823,"textBaseline":0.78362465898195899,"isBackgroundTexture":true,"isVerticalText":false,"textColor":[0.83741801977157593,0.83743780851364136,0.83742713928222656,1],"textureType":6},"initialState":{"affineTransform":[1,0,0,1,0,0],"masksToBounds":false,"rotation":0,"scale":1,"position":{"pointX":38.31817626953125,"pointY":93.499999046325684},"width":36,"sublayerTransform":[1,0,0,0,0,1,0,0,0,0,1,0,0,0,0,1],"contentsRect":{"y":0,"x":0,"width":1,"height":1},"opacity":1,"edgeAntialiasingMask":0,"height":96,"hidden":false,"anchorPoint":{"pointX":0.5,"pointY":0.5}},"texture":"580D76E429FAEF552B50CBA91BC3F9AA"}]}]},"effects":[],"duration":0.40000000000000002,"type":"buildOut","name":"apple:fade and move character","objectID":"38B7F70A-4F11-4B6A-9A37-C338F4819A38"},{"beginTime":0,"baseLayer":{"animations":[],"initialState":{"affineTransform":[1,0,0,1,0,0],"masksToBounds":false,"rotation":0,"scale":1,"position":{"pointX":1018.1818237304688,"pointY":497.00000095367432},"width":55,"sublayerTransform":[1,0,0,0,0,1,0,0,0,0,1,0,0,0,0,1],"contentsRect":{"y":0,"x":0,"width":1,"height":1},"opacity":1,"edgeAntialiasingMask":251658240,"height":61,"hidden":false,"anchorPoint":{"pointX":0.5,"pointY":0.5}},"objectID":"D80DD2BE-B10D-413E-A7D8-25B8C2DB427B","layers":[{"animations":[{"timeOffset":0,"values":[{"pointX":36.318181818181756,"pointY":76},{"pointX":36.834900568181752,"pointY":74.668906250000006},{"pointX":37.351619318181754,"pointY":73.337812500000013},{"pointX":37.86833806818175,"pointY":72.006718750000005},{"pointX":38.385056818181752,"pointY":70.675625000000011},{"pointX":38.901775568181755,"pointY":69.344531250000017},{"pointX":39.41849431818175,"pointY":68.013437500000009},{"pointX":39.935213068181753,"pointY":66.682343750000015},{"pointX":40.451931818181748,"pointY":65.351250000000022},{"pointX":40.968650568181744,"pointY":64.020156250000028},{"pointX":41.485369318181746,"pointY":62.689062500000027},{"pointX":42.002088068181749,"pointY":61.357968750000033},{"pointX":42.518806818181744,"pointY":60.026875000000032},{"pointX":43.03552556818174,"pointY":58.695781250000039},{"pointX":43.552244318181742,"pointY":57.364687500000038},{"pointX":44.068963068181745,"pointY":56.033593750000044},{"pointX":44.585681818181733,"pointY":54.702500000000043},{"pointX":45.102400568181736,"pointY":53.371406250000049},{"pointX":45.619119318181731,"pointY":52.040312500000056},{"pointX":46.135838068181734,"pointY":50.709218750000055},{"pointX":46.652556818181736,"pointY":49.378125000000054},{"pointX":47.169275568181732,"pointY":48.04703125000006},{"pointX":47.685994318181727,"pointY":46.715937500000067},{"pointX":48.20271306818173,"pointY":45.384843750000066},{"pointX":48.719431818181725,"pointY":44.053750000000072},{"pointX":49.236150568181735,"pointY":42.722656250000064},{"pointX":49.75286931818173,"pointY":41.39156250000007},{"pointX":50.269588068181733,"pointY":40.060468750000069},{"pointX":50.786306818181735,"pointY":38.729375000000061},{"pointX":51.303025568181731,"pointY":37.398281250000061},{"pointX":51.819744318181733,"pointY":36.06718750000006},{"pointX":52.336463068181729,"pointY":34.736093750000059},{"pointX":52.853181818181739,"pointY":33.405000000000051},{"pointX":53.369900568181734,"pointY":32.07390625000005},{"pointX":53.886619318181737,"pointY":30.742812500000056},{"pointX":54.403338068181732,"pointY":29.411718750000059},{"pointX":54.920056818181735,"pointY":28.080625000000058},{"pointX":55.43677556818173,"pointY":26.749531250000057},{"pointX":55.95349431818174,"pointY":25.418437500000046},{"pointX":56.470213068181735,"pointY":24.087343750000038},{"pointX":56.986931818181738,"pointY":22.756250000000037},{"pointX":57.50365056818174,"pointY":21.42515625000005},{"pointX":58.020369318181743,"pointY":20.094062500000046},{"pointX":58.537088068181738,"pointY":18.762968750000045},{"pointX":59.053806818181741,"pointY":17.431875000000044},{"pointX":59.570525568181743,"pointY":16.10078125000004},{"pointX":60.087244318181739,"pointY":14.769687500000044},{"pointX":60.603963068181741,"pointY":13.438593750000047},{"pointX":61.120681818181737,"pointY":12.107500000000048},{"pointX":61.637400568181739,"pointY":10.776406250000043},{"pointX":62.154119318181735,"pointY":9.4453125000000409},{"pointX":62.670838068181737,"pointY":8.11421875000004},{"pointX":63.18755681818174,"pointY":6.78312500000004},{"pointX":63.704275568181743,"pointY":5.4520312500000365},{"pointX":64.220994318181738,"pointY":4.1209375000000348},{"pointX":64.737713068181733,"pointY":2.7898437500000339},{"pointX":65.254431818181743,"pointY":1.4587500000000326},{"pointX":65.771150568181739,"pointY":0.12765625000004138},{"pointX":66.287869318181748,"pointY":-1.20343749999996},{"pointX":66.804588068181744,"pointY":-2.534531249999961},{"pointX":67.321306818181739,"pointY":-3.8656249999999654},{"pointX":67.838025568181749,"pointY":-5.1967187499999667},{"pointX":68.35474431818173,"pointY":-6.5278124999999676},{"pointX":68.871463068181754,"pointY":-7.8589062499999685},{"pointX":69.388181818181749,"pointY":-9.1899999999999729},{"pointX":69.904900568181745,"pointY":-10.521093749999975},{"pointX":70.42161931818174,"pointY":-11.852187499999976},{"pointX":70.93833806818175,"pointY":-13.183281249999979},{"pointX":71.455056818181745,"pointY":-14.514374999999978},{"pointX":71.971775568181741,"pointY":-15.845468749999963},{"pointX":72.48849431818175,"pointY":-17.176562499999971},{"pointX":73.005213068181746,"pointY":-18.507656249999972},{"pointX":73.521931818181741,"pointY":-19.838749999999969},{"pointX":74.038650568181737,"pointY":-21.169843749999963},{"pointX":74.555369318181747,"pointY":-22.500937499999967},{"pointX":75.072088068181742,"pointY":-23.832031249999986},{"pointX":75.588806818181752,"pointY":-25.163124999999987},{"pointX":76.105525568181747,"pointY":-26.494218749999987},{"pointX":76.622244318181757,"pointY":-27.825312499999988},{"pointX":77.138963068181738,"pointY":-29.156406249999989},{"pointX":77.655681818181748,"pointY":-30.48749999999999},{"pointX":78.172400568181757,"pointY":-31.818593749999991},{"pointX":78.689119318181739,"pointY":-33.149687499999985},{"pointX":79.205838068181748,"pointY":-34.480781249999986},{"pointX":79.722556818181744,"pointY":-35.811874999999986},{"pointX":80.239275568181753,"pointY":-37.142968749999994},{"pointX":80.755994318181749,"pointY":-38.474062499999988},{"pointX":81.272713068181758,"pointY":-39.805156249999996},{"pointX":81.789431818181754,"pointY":-41.13624999999999},{"pointX":82.306150568181749,"pointY":-42.467343750000005},{"pointX":82.822869318181745,"pointY":-43.798437499999984},{"pointX":83.339588068181754,"pointY":-45.129531249999985},{"pointX":83.856306818181764,"pointY":-46.460624999999993},{"pointX":84.37302556818176,"pointY":-47.791718750000001},{"pointX":84.889744318181755,"pointY":-49.122812499999995},{"pointX":85.40646306818175,"pointY":-50.453906250000003},{"pointX":85.92318181818176,"pointY":-51.785000000000004},{"pointX":86.439900568181741,"pointY":-53.116093749999997},{"pointX":86.956619318181765,"pointY":-54.447187499999998},{"pointX":87.473338068181761,"pointY":-55.778281250000006},{"pointX":87.990056818181756,"pointY":-57.109375}],"beginTime":1e-100,"repeatCount":0,"fillMode":"both","duration":1,"autoreverses":false,"timingFunction":"EaseInEaseOut","property":"position","keyTimes":[0,0.01,0.02,0.029999999999999999,0.040000000000000001,0.050000000000000003,0.059999999999999998,0.070000000000000007,0.080000000000000002,0.089999999999999997,0.10000000000000001,0.11,0.12,0.13,0.14000000000000001,0.14999999999999999,0.16,0.17000000000000001,0.17999999999999999,0.19,0.20000000000000001,0.20999999999999999,0.22,0.23000000000000001,0.23999999999999999,0.25,0.26000000000000001,0.27000000000000002,0.28000000000000003,0.28999999999999998,0.29999999999999999,0.31,0.32000000000000001,0.33000000000000002,0.34000000000000002,0.34999999999999998,0.35999999999999999,0.37,0.38,0.39000000000000001,0.40000000000000002,0.40999999999999998,0.41999999999999998,0.42999999999999999,0.44,0.45000000000000001,0.46000000000000002,0.46999999999999997,0.47999999999999998,0.48999999999999999,0.5,0.51000000000000001,0.52000000000000002,0.53000000000000003,0.54000000000000004,0.55000000000000004,0.56000000000000005,0.56999999999999995,0.57999999999999996,0.58999999999999997,0.59999999999999998,0.60999999999999999,0.62,0.63,0.64000000000000001,0.65000000000000002,0.66000000000000003,0.67000000000000004,0.68000000000000005,0.68999999999999995,0.69999999999999996,0.70999999999999996,0.71999999999999997,0.72999999999999998,0.73999999999999999,0.75,0.76000000000000001,0.77000000000000002,0.78000000000000003,0.79000000000000004,0.80000000000000004,0.81000000000000005,0.81999999999999995,0.82999999999999996,0.83999999999999997,0.84999999999999998,0.85999999999999999,0.87,0.88,0.89000000000000001,0.90000000000000002,0.91000000000000003,0.92000000000000004,0.93000000000000005,0.93999999999999995,0.94999999999999996,0.95999999999999996,0.96999999999999997,0.97999999999999998,0.98999999999999999,1]}],"layers":[],"texturedRectangle":{"singleTextureOpacity":1,"textXHeight":0.89418777943368111,"textBaseline":1.0201306108568535,"isBackgroundTexture":true,"isVerticalText":false,"textColor":[0.83741801977157593,0.83743780851364136,0.83742713928222656,1],"textureType":6},"initialState":{"affineTransform":[1,0,0,1,0,0],"masksToBounds":false,"rotation":0,"scale":1,"position":{"pointX":36.318181818181756,"pointY":76},"width":55,"sublayerTransform":[1,0,0,0,0,1,0,0,0,0,1,0,0,0,0,1],"contentsRect":{"y":0,"x":0,"width":1,"height":1},"opacity":1,"edgeAntialiasingMask":0,"height":61,"hidden":false,"anchorPoint":{"pointX":0.50909100997546375,"pointY":0.28688526153564453}},"texture":"D97A1CE63311D02691A55904DA293B49"}]},"effects":[],"duration":1,"type":"actionBuild","name":"apple:action-motion-path","objectID":"D80DD2BE-B10D-413E-A7D8-25B8C2DB427B"},{"beginTime":0,"baseLayer":{"animations":[],"initialState":{"affineTransform":[1,0,0,1,0,0],"masksToBounds":false,"rotation":0,"scale":1,"position":{"pointX":1084.6817626953125,"pointY":504.50000095367432},"width":58,"sublayerTransform":[1,0,0,0,0,1,0,0,0,0,1,0,0,0,0,1],"contentsRect":{"y":0,"x":0,"width":1,"height":1},"opacity":1,"edgeAntialiasingMask":251658240,"height":76,"hidden":false,"anchorPoint":{"pointX":0.5,"pointY":0.5}},"objectID":"31A1D81A-3DC9-4A17-A5C7-9308B8F09161","layers":[{"animations":[{"timeOffset":0,"values":[{"pointX":36.318181818181756,"pointY":76},{"pointX":37.468181818181755,"pointY":76},{"pointX":38.618181818181753,"pointY":76},{"pointX":39.768181818181759,"pointY":76},{"pointX":40.918181818181758,"pointY":76},{"pointX":42.068181818181756,"pointY":76},{"pointX":43.218181818181755,"pointY":76},{"pointX":44.36818181818176,"pointY":76},{"pointX":45.518181818181759,"pointY":76},{"pointX":46.66818181818175,"pointY":76},{"pointX":47.818181818181756,"pointY":76},{"pointX":48.968181818181755,"pointY":76},{"pointX":50.11818181818176,"pointY":76},{"pointX":51.268181818181759,"pointY":76},{"pointX":52.418181818181758,"pointY":76},{"pointX":53.568181818181756,"pointY":76},{"pointX":54.718181818181762,"pointY":76},{"pointX":55.868181818181753,"pointY":76},{"pointX":57.018181818181759,"pointY":75.999999999999986},{"pointX":58.16818181818175,"pointY":76},{"pointX":59.318181818181756,"pointY":76},{"pointX":60.468181818181755,"pointY":76},{"pointX":61.618181818181753,"pointY":76},{"pointX":62.768181818181759,"pointY":76},{"pointX":63.91818181818175,"pointY":76},{"pointX":65.068181818181756,"pointY":76},{"pointX":66.218181818181762,"pointY":76},{"pointX":67.368181818181753,"pointY":76},{"pointX":68.518181818181759,"pointY":76},{"pointX":69.66818181818175,"pointY":76},{"pointX":70.818181818181756,"pointY":76},{"pointX":71.968181818181762,"pointY":76},{"pointX":73.118181818181768,"pointY":76},{"pointX":74.268181818181759,"pointY":76},{"pointX":75.41818181818175,"pointY":76},{"pointX":76.568181818181756,"pointY":76},{"pointX":77.718181818181762,"pointY":76},{"pointX":78.868181818181768,"pointY":76},{"pointX":80.018181818181759,"pointY":76},{"pointX":81.168181818181765,"pointY":76},{"pointX":82.318181818181756,"pointY":76},{"pointX":83.468181818181762,"pointY":76},{"pointX":84.618181818181753,"pointY":76},{"pointX":85.768181818181759,"pointY":76},{"pointX":86.91818181818175,"pointY":76},{"pointX":88.068181818181756,"pointY":76},{"pointX":89.218181818181762,"pointY":76},{"pointX":90.368181818181753,"pointY":76},{"pointX":91.518181818181745,"pointY":76},{"pointX":92.668181818181765,"pointY":76},{"pointX":93.818181818181756,"pointY":76},{"pointX":94.968181818181762,"pointY":76},{"pointX":96.118181818181768,"pointY":76},{"pointX":97.268181818181759,"pointY":76},{"pointX":98.41818181818175,"pointY":76},{"pointX":99.568181818181756,"pointY":76},{"pointX":100.71818181818176,"pointY":76},{"pointX":101.86818181818175,"pointY":76},{"pointX":103.01818181818174,"pointY":76},{"pointX":104.16818181818175,"pointY":76},{"pointX":105.31818181818176,"pointY":76},{"pointX":106.46818181818175,"pointY":76},{"pointX":107.61818181818175,"pointY":76},{"pointX":108.76818181818177,"pointY":76},{"pointX":109.91818181818178,"pointY":76},{"pointX":111.06818181818176,"pointY":76},{"pointX":112.21818181818176,"pointY":76},{"pointX":113.36818181818177,"pointY":76},{"pointX":114.51818181818176,"pointY":76},{"pointX":115.66818181818175,"pointY":76},{"pointX":116.81818181818176,"pointY":76},{"pointX":117.96818181818175,"pointY":76},{"pointX":119.11818181818175,"pointY":76},{"pointX":120.26818181818176,"pointY":76},{"pointX":121.41818181818175,"pointY":76},{"pointX":122.56818181818176,"pointY":76},{"pointX":123.71818181818176,"pointY":76},{"pointX":124.86818181818175,"pointY":76},{"pointX":126.01818181818176,"pointY":76},{"pointX":127.16818181818178,"pointY":76},{"pointX":128.31818181818176,"pointY":76},{"pointX":129.46818181818176,"pointY":76},{"pointX":130.61818181818174,"pointY":76},{"pointX":131.76818181818174,"pointY":76},{"pointX":132.91818181818175,"pointY":76},{"pointX":134.06818181818176,"pointY":76},{"pointX":135.21818181818176,"pointY":76},{"pointX":136.36818181818177,"pointY":76},{"pointX":137.51818181818174,"pointY":76},{"pointX":138.66818181818178,"pointY":76},{"pointX":139.81818181818176,"pointY":76},{"pointX":140.96818181818176,"pointY":76},{"pointX":142.11818181818177,"pointY":76},{"pointX":143.26818181818174,"pointY":76},{"pointX":144.41818181818175,"pointY":76},{"pointX":145.56818181818176,"pointY":76},{"pointX":146.71818181818176,"pointY":76},{"pointX":147.86818181818177,"pointY":76},{"pointX":149.01818181818174,"pointY":76},{"pointX":150.16818181818175,"pointY":76},{"pointX":151.31818181818176,"pointY":76}],"beginTime":1e-100,"repeatCount":0,"fillMode":"both","duration":1,"autoreverses":false,"timingFunction":"EaseInEaseOut","property":"position","keyTimes":[0,0.01,0.02,0.029999999999999999,0.040000000000000001,0.050000000000000003,0.059999999999999998,0.070000000000000007,0.080000000000000002,0.089999999999999997,0.10000000000000001,0.11,0.12,0.13,0.14000000000000001,0.14999999999999999,0.16,0.17000000000000001,0.17999999999999999,0.19,0.20000000000000001,0.20999999999999999,0.22,0.23000000000000001,0.23999999999999999,0.25,0.26000000000000001,0.27000000000000002,0.28000000000000003,0.28999999999999998,0.29999999999999999,0.31,0.32000000000000001,0.33000000000000002,0.34000000000000002,0.34999999999999998,0.35999999999999999,0.37,0.38,0.39000000000000001,0.40000000000000002,0.40999999999999998,0.41999999999999998,0.42999999999999999,0.44,0.45000000000000001,0.46000000000000002,0.46999999999999997,0.47999999999999998,0.48999999999999999,0.5,0.51000000000000001,0.52000000000000002,0.53000000000000003,0.54000000000000004,0.55000000000000004,0.56000000000000005,0.56999999999999995,0.57999999999999996,0.58999999999999997,0.59999999999999998,0.60999999999999999,0.62,0.63,0.64000000000000001,0.65000000000000002,0.66000000000000003,0.67000000000000004,0.68000000000000005,0.68999999999999995,0.69999999999999996,0.70999999999999996,0.71999999999999997,0.72999999999999998,0.73999999999999999,0.75,0.76000000000000001,0.77000000000000002,0.78000000000000003,0.79000000000000004,0.80000000000000004,0.81000000000000005,0.81999999999999995,0.82999999999999996,0.83999999999999997,0.84999999999999998,0.85999999999999999,0.87,0.88,0.89000000000000001,0.90000000000000002,0.91000000000000003,0.92000000000000004,0.93000000000000005,0.93999999999999995,0.94999999999999996,0.95999999999999996,0.96999999999999997,0.97999999999999998,0.98999999999999999,1]}],"layers":[],"texturedRectangle":{"singleTextureOpacity":1,"textXHeight":0.71770334928229662,"textBaseline":0.97668377976668508,"isBackgroundTexture":true,"isVerticalText":false,"textColor":[0.83741801977157593,0.83743780851364136,0.83742713928222656,1],"textureType":6},"initialState":{"affineTransform":[1,0,0,1,0,0],"masksToBounds":false,"rotation":0,"scale":1,"position":{"pointX":36.318181818181756,"pointY":76},"width":58,"sublayerTransform":[1,0,0,0,0,1,0,0,0,0,1,0,0,0,0,1],"contentsRect":{"y":0,"x":0,"width":1,"height":1},"opacity":1,"edgeAntialiasingMask":0,"height":76,"hidden":false,"anchorPoint":{"pointX":0.48275766402576303,"pointY":0.3881579072851884}},"texture":"CAA8BC12A085A01D238C77AE7090BAF7"}]},"effects":[],"duration":1,"type":"actionBuild","name":"apple:action-motion-path","objectID":"31A1D81A-3DC9-4A17-A5C7-9308B8F09161"},{"beginTime":0,"baseLayer":{"animations":[],"initialState":{"affineTransform":[1,0,0,1,0,0],"masksToBounds":false,"rotation":0,"scale":1,"position":{"pointX":763.18182373046875,"pointY":505.00000095367432},"width":53,"sublayerTransform":[1,0,0,0,0,1,0,0,0,0,1,0,0,0,0,1],"contentsRect":{"y":0,"x":0,"width":1,"height":1},"opacity":1,"edgeAntialiasingMask":251658240,"height":77,"hidden":false,"anchorPoint":{"pointX":0.5,"pointY":0.5}},"objectID":"F40F4104-99D7-4FCB-9E82-E4C5094A20A8","layers":[{"animations":[{"timeOffset":0,"values":[{"pointX":36.31818181818187,"pointY":76},{"pointX":35.548181970769761,"pointY":74.810000000000002},{"pointX":34.778182123357645,"pointY":73.61999999999999},{"pointX":34.008182275945536,"pointY":72.429999999999993},{"pointX":33.238182428533428,"pointY":71.239999999999995},{"pointX":32.468182581121312,"pointY":70.049999999999983},{"pointX":31.698182733709203,"pointY":68.859999999999985},{"pointX":30.928182886297094,"pointY":67.669999999999973},{"pointX":30.158183038884985,"pointY":66.479999999999976},{"pointX":29.388183191472873,"pointY":65.289999999999978},{"pointX":28.61818334406076,"pointY":64.09999999999998},{"pointX":27.848183496648648,"pointY":62.909999999999968},{"pointX":27.078183649236536,"pointY":61.71999999999997},{"pointX":26.308183801824427,"pointY":60.529999999999973},{"pointX":25.538183954412311,"pointY":59.339999999999961},{"pointX":24.768184107000206,"pointY":58.149999999999963},{"pointX":23.99818425958809,"pointY":56.959999999999951},{"pointX":23.228184412175974,"pointY":55.769999999999939},{"pointX":22.458184564763865,"pointY":54.579999999999941},{"pointX":21.688184717351753,"pointY":53.389999999999944},{"pointX":20.918184869939637,"pointY":52.199999999999932},{"pointX":20.148185022527528,"pointY":51.009999999999934},{"pointX":19.378185175115419,"pointY":49.819999999999929},{"pointX":18.608185327703307,"pointY":48.629999999999924},{"pointX":17.838185480291195,"pointY":47.43999999999992},{"pointX":17.068185632879082,"pointY":46.249999999999922},{"pointX":16.29818578546697,"pointY":45.05999999999991},{"pointX":15.528185938054857,"pointY":43.869999999999905},{"pointX":14.758186090642743,"pointY":42.679999999999893},{"pointX":13.988186243230635,"pointY":41.489999999999903},{"pointX":13.218186395818524,"pointY":40.299999999999898},{"pointX":12.448186548406408,"pointY":39.109999999999893},{"pointX":11.678186700994297,"pointY":37.919999999999895},{"pointX":10.908186853582182,"pointY":36.729999999999876},{"pointX":10.138187006170071,"pointY":35.539999999999878},{"pointX":9.3681871587579657,"pointY":34.349999999999881},{"pointX":8.5981873113458551,"pointY":33.159999999999883},{"pointX":7.8281874639337428,"pointY":31.969999999999878},{"pointX":7.058187616521626,"pointY":30.779999999999863},{"pointX":6.2881877691095145,"pointY":29.589999999999861},{"pointX":5.5181879216974021,"pointY":28.399999999999856},{"pointX":4.7481880742852933,"pointY":27.209999999999859},{"pointX":3.9781882268731819,"pointY":26.019999999999854},{"pointX":3.2081883794610664,"pointY":24.829999999999846},{"pointX":2.4381885320489545,"pointY":23.639999999999844},{"pointX":1.6681886846368417,"pointY":22.449999999999836},{"pointX":0.89818883722473397,"pointY":21.259999999999838},{"pointX":0.12818898981263174,"pointY":20.069999999999848},{"pointX":-0.6418108575994802,"pointY":18.879999999999846},{"pointX":-1.4118107050115853,"pointY":17.689999999999852},{"pointX":-2.1818105524236935,"pointY":16.499999999999854},{"pointX":-2.951810399835805,"pointY":15.30999999999985},{"pointX":-3.7218102472479102,"pointY":14.119999999999857},{"pointX":-4.4918100946600177,"pointY":12.929999999999859},{"pointX":-5.2618099420721212,"pointY":11.739999999999869},{"pointX":-6.0318097894842335,"pointY":10.549999999999866},{"pointX":-6.8018096368963459,"pointY":9.3599999999998609},{"pointX":-7.5718094843084414,"pointY":8.1699999999998827},{"pointX":-8.3418093317205599,"pointY":6.9799999999998654},{"pointX":-9.1118091791326634,"pointY":5.7899999999998748},{"pointX":-9.8818090265447722,"pointY":4.5999999999998771},{"pointX":-10.651808873956883,"pointY":3.4099999999998731},{"pointX":-11.421808721368988,"pointY":2.2199999999998812},{"pointX":-12.191808568781102,"pointY":1.0299999999998761},{"pointX":-12.9618084161932,"pointY":-0.16000000000010944},{"pointX":-13.731808263605313,"pointY":-1.3500000000001131},{"pointX":-14.501808111017425,"pointY":-2.5400000000001182},{"pointX":-15.27180795842953,"pointY":-3.7300000000001106},{"pointX":-16.041807805841639,"pointY":-4.920000000000111},{"pointX":-16.811807653253737,"pointY":-6.11000000000009},{"pointX":-17.581807500665857,"pointY":-7.3000000000001073},{"pointX":-18.351807348077962,"pointY":-8.490000000000105},{"pointX":-19.121807195490067,"pointY":-9.6800000000000974},{"pointX":-19.89180704290218,"pointY":-10.8700000000001},{"pointX":-20.661806890314285,"pointY":-12.060000000000095},{"pointX":-21.43180673772639,"pointY":-13.250000000000091},{"pointX":-22.201806585138506,"pointY":-14.440000000000097},{"pointX":-22.971806432550608,"pointY":-15.630000000000088},{"pointX":-23.74180627996272,"pointY":-16.820000000000086},{"pointX":-24.511806127374818,"pointY":-18.010000000000076},{"pointX":-25.281805974786934,"pointY":-19.200000000000081},{"pointX":-26.051805822199043,"pointY":-20.390000000000086},{"pointX":-26.821805669611138,"pointY":-21.580000000000059},{"pointX":-27.59180551702325,"pointY":-22.770000000000064},{"pointX":-28.361805364435355,"pointY":-23.960000000000058},{"pointX":-29.131805211847464,"pointY":-25.150000000000055},{"pointX":-29.901805059259576,"pointY":-26.34000000000006},{"pointX":-30.671804906671682,"pointY":-27.530000000000051},{"pointX":-31.44180475408379,"pointY":-28.720000000000056},{"pointX":-32.211804601495892,"pointY":-29.910000000000039},{"pointX":-32.981804448908001,"pointY":-31.100000000000041},{"pointX":-33.751804296320124,"pointY":-32.290000000000063},{"pointX":-34.52180414373224,"pointY":-33.480000000000075},{"pointX":-35.291803991144356,"pointY":-34.67000000000008},{"pointX":-36.061803838556465,"pointY":-35.860000000000085},{"pointX":-36.831803685968588,"pointY":-37.050000000000104},{"pointX":-37.601803533380711,"pointY":-38.240000000000123},{"pointX":-38.371803380792826,"pointY":-39.430000000000135},{"pointX":-39.141803228204935,"pointY":-40.620000000000132},{"pointX":-39.911803075617073,"pointY":-41.810000000000173},{"pointX":-40.681802923029068,"pointY":-43}],"beginTime":1e-100,"repeatCount":0,"fillMode":"both","duration":1,"autoreverses":false,"timingFunction":"EaseInEaseOut","property":"position","keyTimes":[0,0.01,0.02,0.029999999999999999,0.040000000000000001,0.050000000000000003,0.059999999999999998,0.070000000000000007,0.080000000000000002,0.089999999999999997,0.10000000000000001,0.11,0.12,0.13,0.14000000000000001,0.14999999999999999,0.16,0.17000000000000001,0.17999999999999999,0.19,0.20000000000000001,0.20999999999999999,0.22,0.23000000000000001,0.23999999999999999,0.25,0.26000000000000001,0.27000000000000002,0.28000000000000003,0.28999999999999998,0.29999999999999999,0.31,0.32000000000000001,0.33000000000000002,0.34000000000000002,0.34999999999999998,0.35999999999999999,0.37,0.38,0.39000000000000001,0.40000000000000002,0.40999999999999998,0.41999999999999998,0.42999999999999999,0.44,0.45000000000000001,0.46000000000000002,0.46999999999999997,0.47999999999999998,0.48999999999999999,0.5,0.51000000000000001,0.52000000000000002,0.53000000000000003,0.54000000000000004,0.55000000000000004,0.56000000000000005,0.56999999999999995,0.57999999999999996,0.58999999999999997,0.59999999999999998,0.60999999999999999,0.62,0.63,0.64000000000000001,0.65000000000000002,0.66000000000000003,0.67000000000000004,0.68000000000000005,0.68999999999999995,0.69999999999999996,0.70999999999999996,0.71999999999999997,0.72999999999999998,0.73999999999999999,0.75,0.76000000000000001,0.77000000000000002,0.78000000000000003,0.79000000000000004,0.80000000000000004,0.81000000000000005,0.81999999999999995,0.82999999999999996,0.83999999999999997,0.84999999999999998,0.85999999999999999,0.87,0.88,0.89000000000000001,0.90000000000000002,0.91000000000000003,0.92000000000000004,0.93000000000000005,0.93999999999999995,0.94999999999999996,0.95999999999999996,0.96999999999999997,0.97999999999999998,0.98999999999999999,1]}],"layers":[],"texturedRectangle":{"singleTextureOpacity":1,"textXHeight":0.70838252656434475,"textBaseline":0.97698658782166325,"isBackgroundTexture":true,"isVerticalText":false,"textColor":[0.83741801977157593,0.83743780851364136,0.83742713928222656,1],"textureType":6},"initialState":{"affineTransform":[1,0,0,1,0,0],"masksToBounds":false,"rotation":0,"scale":1,"position":{"pointX":36.31818181818187,"pointY":76},"width":53,"sublayerTransform":[1,0,0,0,0,1,0,0,0,0,1,0,0,0,0,1],"contentsRect":{"y":0,"x":0,"width":1,"height":1},"opacity":1,"edgeAntialiasingMask":0,"height":77,"hidden":false,"anchorPoint":{"pointX":0.50943406695567206,"pointY":0.39610390848927685}},"texture":"025EC0EE26C870038F297588A1784D44"}]},"effects":[],"duration":1,"type":"actionBuild","name":"apple:action-motion-path","objectID":"F40F4104-99D7-4FCB-9E82-E4C5094A20A8"},{"beginTime":0,"baseLayer":{"animations":[],"initialState":{"affineTransform":[1,0,0,1,0,0],"masksToBounds":false,"rotation":0,"scale":1,"position":{"pointX":792.04524094455326,"pointY":350.81022076220125},"width":152,"sublayerTransform":[1,0,0,0,0,1,0,0,0,0,1,0,0,0,0,1],"contentsRect":{"y":0,"x":0,"width":1,"height":1},"opacity":1,"edgeAntialiasingMask":251658240,"height":81,"hidden":false,"anchorPoint":{"pointX":0.5,"pointY":0.5}},"objectID":"A2ABA297-AD35-4DF5-A85B-701459F307E6","layers":[{"animations":[],"initialState":{"affineTransform":[1,0,0,1,0,0],"masksToBounds":false,"rotation":0,"scale":1,"position":{"pointX":243.95475905544674,"pointY":229.68977923779875},"width":152,"sublayerTransform":[1,0,0,0,0,1,0,0,0,0,1,-0.00035007912466775983,0,0,0,1],"contentsRect":{"y":0,"x":0,"width":1,"height":1},"opacity":1,"edgeAntialiasingMask":251658240,"height":81,"hidden":false,"anchorPoint":{"pointX":1.6049655201016233,"pointY":2.8356762868864043}},"layers":[{"animations":[{"timeOffset":0,"beginTime":1e-100,"repeatCount":0,"animations":[{"timeOffset":0,"from":{"scalar":0},"beginTime":0,"repeatCount":0,"fillMode":"both","duration":0.69999999999999996,"autoreverses":false,"timingFunction":"EaseInEaseOut","property":"opacity","to":{"scalar":1}},{"timeOffset":0,"from":{"scalar":false},"beginTime":0,"repeatCount":0,"fillMode":"forwards","property":"hidden","autoreverses":false,"duration":0.69999999999999996,"to":{"scalar":false}}],"fillMode":"both","autoreverses":false,"duration":0.69999999999999996}],"layers":[],"texturedRectangle":{"singleTextureOpacity":1,"textXHeight":0,"shapePath":{"lineWidth":1,"flatness":0.59999999999999998,"lineCapStyle":0,"elements":[{"type":"MoveToPoint","points":[[2.5854252313365578,76.238036989959824]]},{"type":"AddLine","points":[[149.06980744083342,4.4531226637479904]]}],"windingRule":0,"lineJoinStyle":0,"miterLimit":10},"isBackgroundTexture":true,"textBaseline":0,"isVerticalText":false,"textureType":5},"initialState":{"affineTransform":[1,0,0,1,0,0],"masksToBounds":false,"rotation":0,"scale":1,"position":{"pointX":74.954759055446743,"pointY":39.189779237798746},"width":152,"sublayerTransform":[1,0,0,0,0,1,0,0,0,0,1,0,0,0,0,1],"contentsRect":{"y":0,"x":0,"width":1,"height":1},"opacity":1,"edgeAntialiasingMask":0,"height":81,"hidden":true,"anchorPoint":{"pointX":0.5,"pointY":0.5}},"texture":"0B2702BF389589DD74C2C5A341391595"}]}]},"effects":[],"duration":0.69999999999999996,"type":"buildIn","attributes":{"direction":0},"name":"com.apple.iWork.Keynote.Blur","objectID":"A2ABA297-AD35-4DF5-A85B-701459F307E6"},{"beginTime":0,"baseLayer":{"animations":[],"initialState":{"affineTransform":[1,0,0,1,0,0],"masksToBounds":false,"rotation":0,"scale":1,"position":{"pointX":1001.1620800488656,"pointY":352.83227057414786},"width":110,"sublayerTransform":[1,0,0,0,0,1,0,0,0,0,1,0,0,0,0,1],"contentsRect":{"y":0,"x":0,"width":1,"height":1},"opacity":1,"edgeAntialiasingMask":251658240,"height":85,"hidden":false,"anchorPoint":{"pointX":0.5,"pointY":0.5}},"objectID":"F68D1725-024E-42D7-9BC9-83500454DA9D","layers":[{"animations":[],"initialState":{"affineTransform":[1,0,0,1,0,0],"masksToBounds":false,"rotation":0,"scale":1,"position":{"pointX":13.837919951134381,"pointY":229.66772942585214},"width":110,"sublayerTransform":[1,0,0,0,0,1,0,0,0,0,1,-0.00035007912466775983,0,0,0,1],"contentsRect":{"y":0,"x":0,"width":1,"height":1},"opacity":1,"edgeAntialiasingMask":251658240,"height":85,"hidden":false,"anchorPoint":{"pointX":0.12579927228303983,"pointY":2.7019732873629665}},"layers":[{"animations":[{"timeOffset":0,"beginTime":1e-100,"repeatCount":0,"animations":[{"timeOffset":0,"from":{"scalar":0},"beginTime":0,"repeatCount":0,"fillMode":"both","duration":0.69999999999999996,"autoreverses":false,"timingFunction":"EaseInEaseOut","property":"opacity","to":{"scalar":1}},{"timeOffset":0,"from":{"scalar":false},"beginTime":0,"repeatCount":0,"fillMode":"forwards","property":"hidden","autoreverses":false,"duration":0.69999999999999996,"to":{"scalar":false}}],"fillMode":"both","autoreverses":false,"duration":0.69999999999999996}],"layers":[],"texturedRectangle":{"singleTextureOpacity":1,"textXHeight":0,"shapePath":{"lineWidth":1,"flatness":0.59999999999999998,"lineCapStyle":0,"elements":[{"type":"MoveToPoint","points":[[106.75959879118136,80.542713878250879]]},{"type":"AddLine","points":[[3.2403375582547369,4.148446301027775]]}],"windingRule":0,"lineJoinStyle":0,"miterLimit":10},"isBackgroundTexture":true,"textBaseline":0,"isVerticalText":false,"textureType":5},"initialState":{"affineTransform":[1,0,0,1,0,0],"masksToBounds":false,"rotation":0,"scale":1,"position":{"pointX":53.837919951134381,"pointY":41.167729425852144},"width":110,"sublayerTransform":[1,0,0,0,0,1,0,0,0,0,1,0,0,0,0,1],"contentsRect":{"y":0,"x":0,"width":1,"height":1},"opacity":1,"edgeAntialiasingMask":0,"height":85,"hidden":true,"anchorPoint":{"pointX":0.5,"pointY":0.5}},"texture":"191BCDB50F0F8426C676545D7803DCAB"}]}]},"effects":[],"duration":0.69999999999999996,"type":"buildIn","attributes":{"direction":0},"name":"com.apple.iWork.Keynote.Blur","objectID":"F68D1725-024E-42D7-9BC9-83500454DA9D"},{"beginTime":0,"baseLayer":{"animations":[],"initialState":{"affineTransform":[1,0,0,1,0,0],"masksToBounds":false,"rotation":0,"scale":1,"position":{"pointX":1148.4603324766276,"pointY":484.03192290021161},"width":70,"sublayerTransform":[1,0,0,0,0,1,0,0,0,0,1,0,0,0,0,1],"contentsRect":{"y":0,"x":0,"width":1,"height":1},"opacity":1,"edgeAntialiasingMask":251658240,"height":70,"hidden":false,"anchorPoint":{"pointX":0.5,"pointY":0.5}},"objectID":"40ACA03F-59E4-43A0-9CC5-5A1533CC0809","layers":[{"animations":[],"initialState":{"affineTransform":[1,0,0,1,0,0],"masksToBounds":false,"rotation":0,"scale":1,"position":{"pointX":-153.46033247662763,"pointY":90.968077099788388},"width":70,"sublayerTransform":[1,0,0,0,0,1,0,0,0,0,1,-0.00035007912466775983,0,0,0,1],"contentsRect":{"y":0,"x":0,"width":1,"height":1},"opacity":1,"edgeAntialiasingMask":251658240,"height":70,"hidden":false,"anchorPoint":{"pointX":-2.192290463951823,"pointY":1.2995439585684057}},"layers":[{"animations":[{"timeOffset":0,"beginTime":1e-100,"repeatCount":0,"animations":[{"timeOffset":0,"from":{"scalar":0},"beginTime":0,"repeatCount":0,"fillMode":"both","duration":0.69999999999999996,"autoreverses":false,"timingFunction":"EaseInEaseOut","property":"opacity","to":{"scalar":1}},{"timeOffset":0,"from":{"scalar":false},"beginTime":0,"repeatCount":0,"fillMode":"forwards","property":"hidden","autoreverses":false,"duration":0.69999999999999996,"to":{"scalar":false}}],"fillMode":"both","autoreverses":false,"duration":0.69999999999999996}],"layers":[],"texturedRectangle":{"singleTextureOpacity":1,"textXHeight":0,"shapePath":{"lineWidth":1,"flatness":0.59999999999999998,"lineCapStyle":0,"elements":[{"type":"MoveToPoint","points":[[66.06479909041218,65.636389513996278]]},{"type":"AddLine","points":[[3.9352062107805068,3.5067966343644912]]}],"windingRule":0,"lineJoinStyle":0,"miterLimit":10},"isBackgroundTexture":true,"textBaseline":0,"isVerticalText":false,"textureType":5},"initialState":{"affineTransform":[1,0,0,1,0,0],"masksToBounds":false,"rotation":0,"scale":1,"position":{"pointX":33.539667523372373,"pointY":33.968077099788388},"width":70,"sublayerTransform":[1,0,0,0,0,1,0,0,0,0,1,0,0,0,0,1],"contentsRect":{"y":0,"x":0,"width":1,"height":1},"opacity":1,"edgeAntialiasingMask":0,"height":70,"hidden":true,"anchorPoint":{"pointX":0.5,"pointY":0.5}},"texture":"8CB80D0808B99A308C1F53F613F57017"}]}]},"effects":[],"duration":0.69999999999999996,"type":"buildIn","attributes":{"direction":0},"name":"com.apple.iWork.Keynote.Blur","objectID":"40ACA03F-59E4-43A0-9CC5-5A1533CC0809"},{"beginTime":0,"baseLayer":{"animations":[],"initialState":{"affineTransform":[1,0,0,1,0,0],"masksToBounds":false,"rotation":0,"scale":1,"position":{"pointX":1005.868418683765,"pointY":471.14756810545651},"width":64,"sublayerTransform":[1,0,0,0,0,1,0,0,0,0,1,0,0,0,0,1],"contentsRect":{"y":0,"x":0,"width":1,"height":1},"opacity":1,"edgeAntialiasingMask":251658240,"height":63,"hidden":false,"anchorPoint":{"pointX":0.5,"pointY":0.5}},"objectID":"E13A7D86-A220-406A-9EDE-30786D96B0B1","layers":[{"animations":[],"initialState":{"affineTransform":[1,0,0,1,0,0],"masksToBounds":false,"rotation":0,"scale":1,"position":{"pointX":-13.868418683764958,"pointY":100.35243189454349},"width":64,"sublayerTransform":[1,0,0,0,0,1,0,0,0,0,1,-0.00035007912466775983,0,0,0,1],"contentsRect":{"y":0,"x":0,"width":1,"height":1},"opacity":1,"edgeAntialiasingMask":251658240,"height":63,"hidden":false,"anchorPoint":{"pointX":-0.21669404193382746,"pointY":1.5928957443578331}},"layers":[{"animations":[{"timeOffset":0,"beginTime":1e-100,"repeatCount":0,"animations":[{"timeOffset":0,"from":{"scalar":0},"beginTime":0,"repeatCount":0,"fillMode":"both","duration":0.69999999999999996,"autoreverses":false,"timingFunction":"EaseInEaseOut","property":"opacity","to":{"scalar":1}},{"timeOffset":0,"from":{"scalar":false},"beginTime":0,"repeatCount":0,"fillMode":"forwards","property":"hidden","autoreverses":false,"duration":0.69999999999999996,"to":{"scalar":false}}],"fillMode":"both","autoreverses":false,"duration":0.69999999999999996}],"layers":[],"texturedRectangle":{"singleTextureOpacity":1,"textXHeight":0,"shapePath":{"lineWidth":1,"flatness":0.59999999999999998,"lineCapStyle":0,"elements":[{"type":"MoveToPoint","points":[[4.3432924179178372,59.435844239797007]]},{"type":"AddLine","points":[[59.656694818105507,4.1224418396093938]]}],"windingRule":0,"lineJoinStyle":0,"miterLimit":10},"isBackgroundTexture":true,"textBaseline":0,"isVerticalText":false,"textureType":5},"initialState":{"affineTransform":[1,0,0,1,0,0],"masksToBounds":false,"rotation":0,"scale":1,"position":{"pointX":30.131581316235042,"pointY":29.852431894543486},"width":64,"sublayerTransform":[1,0,0,0,0,1,0,0,0,0,1,0,0,0,0,1],"contentsRect":{"y":0,"x":0,"width":1,"height":1},"opacity":1,"edgeAntialiasingMask":0,"height":63,"hidden":true,"anchorPoint":{"pointX":0.5,"pointY":0.5}},"texture":"568EA9E4846F6752CF101DEB53E31677"}]}]},"effects":[],"duration":0.69999999999999996,"type":"buildIn","attributes":{"direction":0},"name":"com.apple.iWork.Keynote.Blur","objectID":"E13A7D86-A220-406A-9EDE-30786D96B0B1"}],"automaticPlay":false,"hyperlinks":[],"accessibility":[{"text":"*","targetRectangle":{"y":470.50000095367432,"x":814.68182373046875,"width":63.636363636363626,"height":144}},{"text":")","targetRectangle":{"y":465.50000095367432,"x":1114.6817626953125,"width":63.63636363636374,"height":144}},{"text":"+","targetRectangle":{"y":470.50000095367432,"x":994.68182373046875,"width":63.63636363636374,"height":144}},{"text":"(","targetRectangle":{"y":466.50000095367432,"x":874.68182373046875,"width":63.636363636363626,"height":144}},{"text":"2","targetRectangle":{"y":470.50000095367432,"x":740.68182373046875,"width":63.636363636363626,"height":144}},{"text":"4","targetRectangle":{"y":470.50000095367432,"x":1059.6817626953125,"width":63.63636363636374,"height":144}},{"text":"Abstract syntax trees","targetRectangle":{"y":53.000000953674316,"x":64,"width":506.96335283599115,"height":43}},{"text":"3","targetRectangle":{"y":470.50000095367432,"x":926.6817626953125,"width":63.636363636363626,"height":144}}],"baseLayer":{"animations":[],"initialState":{"affineTransform":[1,0,0,1,0,0],"masksToBounds":false,"rotation":0,"scale":1,"position":{"pointX":960,"pointY":540},"width":1920,"sublayerTransform":[1,0,0,0,0,1,0,0,0,0,1,0,0,0,0,1],"contentsRect":{"y":0,"x":0,"width":1,"height":1},"opacity":1,"edgeAntialiasingMask":251658240,"height":1080,"hidden":false,"anchorPoint":{"pointX":0.5,"pointY":0.5}},"layers":[{"animations":[],"initialState":{"affineTransform":[1,0,0,1,0,0],"masksToBounds":false,"rotation":0,"scale":1,"position":{"pointX":960,"pointY":540},"width":1920,"sublayerTransform":[1,0,0,0,0,1,0,0,0,0,1,0,0,0,0,1],"contentsRect":{"y":0,"x":0,"width":1,"height":1},"opacity":1,"edgeAntialiasingMask":251658240,"height":1080,"hidden":false,"anchorPoint":{"pointX":0.5,"pointY":0.5}},"layers":[{"animations":[],"initialState":{"affineTransform":[1,0,0,1,0,0],"masksToBounds":false,"rotation":0,"scale":1,"position":{"pointX":960,"pointY":540},"width":1920,"sublayerTransform":[1,0,0,0,0,1,0,0,0,0,1,0,0,0,0,1],"contentsRect":{"y":0,"x":0,"width":1,"height":1},"opacity":1,"edgeAntialiasingMask":251658240,"height":1080,"hidden":false,"anchorPoint":{"pointX":0.5,"pointY":0.5}},"layers":[{"animations":[],"layers":[],"texturedRectangle":{"isBackgroundTexture":true,"singleTextureOpacity":1,"textureType":1,"textBaseline":0,"textXHeight":0,"isVerticalText":false},"initialState":{"affineTransform":[1,0,0,1,0,0],"masksToBounds":false,"rotation":0,"scale":1,"position":{"pointX":960,"pointY":540},"width":1920,"sublayerTransform":[1,0,0,0,0,1,0,0,0,0,1,0,0,0,0,1],"contentsRect":{"y":0,"x":0,"width":1,"height":1},"opacity":1,"edgeAntialiasingMask":0,"height":1080,"hidden":false,"anchorPoint":{"pointX":0.5,"pointY":0.5}},"texture":"F060ECB2D3B13BDD8C493DD73E965B5C"}]}]},{"animations":[],"initialState":{"affineTransform":[1,0,0,1,0,0],"masksToBounds":false,"rotation":0,"scale":1,"position":{"pointX":960,"pointY":540},"width":1920,"sublayerTransform":[1,0,0,0,0,1,0,0,0,0,1,0,0,0,0,1],"contentsRect":{"y":0,"x":0,"width":1,"height":1},"opacity":1,"edgeAntialiasingMask":251658240,"height":1080,"hidden":false,"anchorPoint":{"pointX":0.5,"pointY":0.5}},"layers":[{"animations":[],"initialState":{"affineTransform":[1,0,0,1,0,0],"masksToBounds":false,"rotation":0,"scale":1,"position":{"pointX":961.49998389670304,"pointY":111.97106933606716},"width":1803,"sublayerTransform":[1,0,0,0,0,1,0,0,0,0,1,0,0,0,0,1],"contentsRect":{"y":0,"x":0,"width":1,"height":1},"opacity":1,"edgeAntialiasingMask":251658240,"height":6,"hidden":false,"anchorPoint":{"pointX":0.5,"pointY":0.5}},"layers":[{"animations":[],"layers":[],"texturedRectangle":{"singleTextureOpacity":1,"textXHeight":0,"shapePath":{"lineWidth":1,"flatness":0.59999999999999998,"lineCapStyle":0,"elements":[{"type":"MoveToPoint","points":[[2,3.000055268406868]]},{"type":"AddLine","points":[[1801.9998779296875,2.9710693359375]]}],"windingRule":0,"lineJoinStyle":0,"miterLimit":10},"isBackgroundTexture":true,"textBaseline":0,"isVerticalText":false,"textureType":5},"initialState":{"affineTransform":[1,0,0,1,0,0],"masksToBounds":false,"rotation":0,"scale":1,"position":{"pointX":899.50001610329696,"pointY":1.0289306639328402},"width":1803,"sublayerTransform":[1,0,0,0,0,1,0,0,0,0,1,0,0,0,0,1],"contentsRect":{"y":0,"x":0,"width":1,"height":1},"opacity":1,"edgeAntialiasingMask":0,"height":6,"hidden":false,"anchorPoint":{"pointX":0.5,"pointY":0.5}},"texture":"2B3E8F9E2C9BF261938F908927D94064"}]}]},{"animations":[],"initialState":{"affineTransform":[1,0,0,1,0,0],"masksToBounds":false,"rotation":0,"scale":1,"position":{"pointX":960,"pointY":540},"width":1920,"sublayerTransform":[1,0,0,0,0,1,0,0,0,0,1,0,0,0,0,1],"contentsRect":{"y":0,"x":0,"width":1,"height":1},"opacity":1,"edgeAntialiasingMask":251658240,"height":1080,"hidden":false,"anchorPoint":{"pointX":0.5,"pointY":0.5}},"layers":[{"animations":[],"initialState":{"affineTransform":[1,0,0,1,0,0],"masksToBounds":false,"rotation":0,"scale":1,"position":{"pointX":313,"pointY":64.500000953674316},"width":506,"sublayerTransform":[1,0,0,0,0,1,0,0,0,0,1,0,0,0,0,1],"contentsRect":{"y":0,"x":0,"width":1,"height":1},"opacity":1,"edgeAntialiasingMask":251658240,"height":31,"hidden":false,"anchorPoint":{"pointX":0.5,"pointY":0.5}},"layers":[{"animations":[],"layers":[],"texturedRectangle":{"singleTextureOpacity":1,"textXHeight":0.63343108504398826,"textBaseline":0.88911033830335062,"isBackgroundTexture":true,"isVerticalText":false,"textColor":[0.65252363681793213,0.66733616590499878,0.66081041097640991,1],"textureType":6},"initialState":{"affineTransform":[1,0,0,1,0,0],"masksToBounds":false,"rotation":0,"scale":1,"position":{"pointX":256,"pointY":26.499999046325684},"width":506,"sublayerTransform":[1,0,0,0,0,1,0,0,0,0,1,0,0,0,0,1],"contentsRect":{"y":0,"x":0,"width":1,"height":1},"opacity":1,"edgeAntialiasingMask":0,"height":31,"hidden":false,"anchorPoint":{"pointX":0.5,"pointY":0.5}},"texture":"073E4473CB2D8DC5B3C03C113960AD44"}]}]},{"animations":[],"initialState":{"affineTransform":[1,0,0,1,0,0],"masksToBounds":false,"rotation":0,"scale":1,"position":{"pointX":960,"pointY":540},"width":1920,"sublayerTransform":[1,0,0,0,0,1,0,0,0,0,1,0,0,0,0,1],"contentsRect":{"y":0,"x":0,"width":1,"height":1},"opacity":1,"edgeAntialiasingMask":251658240,"height":1080,"hidden":false,"anchorPoint":{"pointX":0.5,"pointY":0.5}},"layers":[{"animations":[],"initialState":{"affineTransform":[1,0,0,1,0,0],"masksToBounds":false,"rotation":0,"scale":1,"position":{"pointX":763.18182373046875,"pointY":505.00000095367432},"width":53,"sublayerTransform":[1,0,0,0,0,1,0,0,0,0,1,0,0,0,0,1],"contentsRect":{"y":0,"x":0,"width":1,"height":1},"opacity":1,"edgeAntialiasingMask":251658240,"height":77,"hidden":false,"anchorPoint":{"pointX":0.5,"pointY":0.5}},"objectID":"F40F4104-99D7-4FCB-9E82-E4C5094A20A8","layers":[{"animations":[],"layers":[],"texturedRectangle":{"singleTextureOpacity":1,"textXHeight":0.70838252656434475,"textBaseline":0.97698658782166325,"isBackgroundTexture":true,"isVerticalText":false,"textColor":[0.83741801977157593,0.83743780851364136,0.83742713928222656,1],"textureType":6},"initialState":{"affineTransform":[1,0,0,1,0,0],"masksToBounds":false,"rotation":0,"scale":1,"position":{"pointX":36.31818181818187,"pointY":76},"width":53,"sublayerTransform":[1,0,0,0,0,1,0,0,0,0,1,0,0,0,0,1],"contentsRect":{"y":0,"x":0,"width":1,"height":1},"opacity":1,"edgeAntialiasingMask":0,"height":77,"hidden":false,"anchorPoint":{"pointX":0.50943406695567206,"pointY":0.39610390848927685}},"texture":"025EC0EE26C870038F297588A1784D44"}]}]},{"animations":[],"initialState":{"affineTransform":[1,0,0,1,0,0],"masksToBounds":false,"rotation":0,"scale":1,"position":{"pointX":960,"pointY":540},"width":1920,"sublayerTransform":[1,0,0,0,0,1,0,0,0,0,1,0,0,0,0,1],"contentsRect":{"y":0,"x":0,"width":1,"height":1},"opacity":1,"edgeAntialiasingMask":251658240,"height":1080,"hidden":false,"anchorPoint":{"pointX":0.5,"pointY":0.5}},"layers":[{"animations":[],"initialState":{"affineTransform":[1,0,0,1,0,0],"masksToBounds":false,"rotation":0,"scale":1,"position":{"pointX":839.18182373046875,"pointY":495.50000095367432},"width":57,"sublayerTransform":[1,0,0,0,0,1,0,0,0,0,1,0,0,0,0,1],"contentsRect":{"y":0,"x":0,"width":1,"height":1},"opacity":1,"edgeAntialiasingMask":251658240,"height":58,"hidden":false,"anchorPoint":{"pointX":0.5,"pointY":0.5}},"objectID":"BA6EFE60-54FD-4A62-AE62-8637FA194F9D","layers":[{"animations":[],"layers":[],"texturedRectangle":{"singleTextureOpacity":1,"textXHeight":0.94043887147335425,"textBaseline":1.1246201252115184,"isBackgroundTexture":true,"isVerticalText":false,"textColor":[0.83741801977157593,0.83743780851364136,0.83742713928222656,1],"textureType":6},"initialState":{"affineTransform":[1,0,0,1,0,0],"masksToBounds":false,"rotation":0,"scale":1,"position":{"pointX":36.31818181818187,"pointY":76},"width":57,"sublayerTransform":[1,0,0,0,0,1,0,0,0,0,1,0,0,0,0,1],"contentsRect":{"y":0,"x":0,"width":1,"height":1},"opacity":1,"edgeAntialiasingMask":0,"height":58,"hidden":false,"anchorPoint":{"pointX":0.50877202716930914,"pointY":0.35344829230472957}},"texture":"B596EF16FA689F06FF020433E5AA9A45"}]}]},{"animations":[],"initialState":{"affineTransform":[1,0,0,1,0,0],"masksToBounds":false,"rotation":0,"scale":1,"position":{"pointX":960,"pointY":540},"width":1920,"sublayerTransform":[1,0,0,0,0,1,0,0,0,0,1,0,0,0,0,1],"contentsRect":{"y":0,"x":0,"width":1,"height":1},"opacity":1,"edgeAntialiasingMask":251658240,"height":1080,"hidden":false,"anchorPoint":{"pointX":0.5,"pointY":0.5}},"layers":[{"animations":[],"initialState":{"affineTransform":[1,0,0,1,0,0],"masksToBounds":false,"rotation":0,"scale":1,"position":{"pointX":888.68182373046875,"pointY":510.50000095367432},"width":36,"sublayerTransform":[1,0,0,0,0,1,0,0,0,0,1,0,0,0,0,1],"contentsRect":{"y":0,"x":0,"width":1,"height":1},"opacity":1,"edgeAntialiasingMask":251658240,"height":96,"hidden":false,"anchorPoint":{"pointX":0.5,"pointY":0.5}},"objectID":"38B7F70A-4F11-4B6A-9A37-C338F4819A38","layers":[{"animations":[],"layers":[],"texturedRectangle":{"singleTextureOpacity":1,"textXHeight":0.56818181818181823,"textBaseline":0.78362465898195899,"isBackgroundTexture":true,"isVerticalText":false,"textColor":[0.83741801977157593,0.83743780851364136,0.83742713928222656,1],"textureType":6},"initialState":{"affineTransform":[1,0,0,1,0,0],"masksToBounds":false,"rotation":0,"scale":1,"position":{"pointX":38.31817626953125,"pointY":93.499999046325684},"width":36,"sublayerTransform":[1,0,0,0,0,1,0,0,0,0,1,0,0,0,0,1],"contentsRect":{"y":0,"x":0,"width":1,"height":1},"opacity":1,"edgeAntialiasingMask":0,"height":96,"hidden":false,"anchorPoint":{"pointX":0.5,"pointY":0.5}},"texture":"580D76E429FAEF552B50CBA91BC3F9AA"}]}]},{"animations":[],"initialState":{"affineTransform":[1,0,0,1,0,0],"masksToBounds":false,"rotation":0,"scale":1,"position":{"pointX":960,"pointY":540},"width":1920,"sublayerTransform":[1,0,0,0,0,1,0,0,0,0,1,0,0,0,0,1],"contentsRect":{"y":0,"x":0,"width":1,"height":1},"opacity":1,"edgeAntialiasingMask":251658240,"height":1080,"hidden":false,"anchorPoint":{"pointX":0.5,"pointY":0.5}},"layers":[{"animations":[],"initialState":{"affineTransform":[1,0,0,1,0,0],"masksToBounds":false,"rotation":0,"scale":1,"position":{"pointX":949.6817626953125,"pointY":505.50000095367432},"width":54,"sublayerTransform":[1,0,0,0,0,1,0,0,0,0,1,0,0,0,0,1],"contentsRect":{"y":0,"x":0,"width":1,"height":1},"opacity":1,"edgeAntialiasingMask":251658240,"height":78,"hidden":false,"anchorPoint":{"pointX":0.5,"pointY":0.5}},"layers":[{"animations":[],"layers":[],"texturedRectangle":{"singleTextureOpacity":1,"textXHeight":0.69930069930069927,"textBaseline":0.96446111874702645,"isBackgroundTexture":true,"isVerticalText":false,"textColor":[0.83741801977157593,0.83743780851364136,0.83742713928222656,1],"textureType":6},"initialState":{"affineTransform":[1,0,0,1,0,0],"masksToBounds":false,"rotation":0,"scale":1,"position":{"pointX":35.3182373046875,"pointY":84.499999046325684},"width":54,"sublayerTransform":[1,0,0,0,0,1,0,0,0,0,1,0,0,0,0,1],"contentsRect":{"y":0,"x":0,"width":1,"height":1},"opacity":1,"edgeAntialiasingMask":0,"height":78,"hidden":false,"anchorPoint":{"pointX":0.5,"pointY":0.5}},"texture":"BC2D3370B9A36370204E62EC4B215DF8"}]}]},{"animations":[],"initialState":{"affineTransform":[1,0,0,1,0,0],"masksToBounds":false,"rotation":0,"scale":1,"position":{"pointX":960,"pointY":540},"width":1920,"sublayerTransform":[1,0,0,0,0,1,0,0,0,0,1,0,0,0,0,1],"contentsRect":{"y":0,"x":0,"width":1,"height":1},"opacity":1,"edgeAntialiasingMask":251658240,"height":1080,"hidden":false,"anchorPoint":{"pointX":0.5,"pointY":0.5}},"layers":[{"animations":[],"initialState":{"affineTransform":[1,0,0,1,0,0],"masksToBounds":false,"rotation":0,"scale":1,"position":{"pointX":1018.1818237304688,"pointY":497.00000095367432},"width":55,"sublayerTransform":[1,0,0,0,0,1,0,0,0,0,1,0,0,0,0,1],"contentsRect":{"y":0,"x":0,"width":1,"height":1},"opacity":1,"edgeAntialiasingMask":251658240,"height":61,"hidden":false,"anchorPoint":{"pointX":0.5,"pointY":0.5}},"objectID":"D80DD2BE-B10D-413E-A7D8-25B8C2DB427B","layers":[{"animations":[],"layers":[],"texturedRectangle":{"singleTextureOpacity":1,"textXHeight":0.89418777943368111,"textBaseline":1.0201306108568535,"isBackgroundTexture":true,"isVerticalText":false,"textColor":[0.83741801977157593,0.83743780851364136,0.83742713928222656,1],"textureType":6},"initialState":{"affineTransform":[1,0,0,1,0,0],"masksToBounds":false,"rotation":0,"scale":1,"position":{"pointX":36.318181818181756,"pointY":76},"width":55,"sublayerTransform":[1,0,0,0,0,1,0,0,0,0,1,0,0,0,0,1],"contentsRect":{"y":0,"x":0,"width":1,"height":1},"opacity":1,"edgeAntialiasingMask":0,"height":61,"hidden":false,"anchorPoint":{"pointX":0.50909100997546375,"pointY":0.28688526153564453}},"texture":"D97A1CE63311D02691A55904DA293B49"}]}]},{"animations":[],"initialState":{"affineTransform":[1,0,0,1,0,0],"masksToBounds":false,"rotation":0,"scale":1,"position":{"pointX":960,"pointY":540},"width":1920,"sublayerTransform":[1,0,0,0,0,1,0,0,0,0,1,0,0,0,0,1],"contentsRect":{"y":0,"x":0,"width":1,"height":1},"opacity":1,"edgeAntialiasingMask":251658240,"height":1080,"hidden":false,"anchorPoint":{"pointX":0.5,"pointY":0.5}},"layers":[{"animations":[],"initialState":{"affineTransform":[1,0,0,1,0,0],"masksToBounds":false,"rotation":0,"scale":1,"position":{"pointX":1084.6817626953125,"pointY":504.50000095367432},"width":58,"sublayerTransform":[1,0,0,0,0,1,0,0,0,0,1,0,0,0,0,1],"contentsRect":{"y":0,"x":0,"width":1,"height":1},"opacity":1,"edgeAntialiasingMask":251658240,"height":76,"hidden":false,"anchorPoint":{"pointX":0.5,"pointY":0.5}},"objectID":"31A1D81A-3DC9-4A17-A5C7-9308B8F09161","layers":[{"animations":[],"layers":[],"texturedRectangle":{"singleTextureOpacity":1,"textXHeight":0.71770334928229662,"textBaseline":0.97668377976668508,"isBackgroundTexture":true,"isVerticalText":false,"textColor":[0.83741801977157593,0.83743780851364136,0.83742713928222656,1],"textureType":6},"initialState":{"affineTransform":[1,0,0,1,0,0],"masksToBounds":false,"rotation":0,"scale":1,"position":{"pointX":36.318181818181756,"pointY":76},"width":58,"sublayerTransform":[1,0,0,0,0,1,0,0,0,0,1,0,0,0,0,1],"contentsRect":{"y":0,"x":0,"width":1,"height":1},"opacity":1,"edgeAntialiasingMask":0,"height":76,"hidden":false,"anchorPoint":{"pointX":0.48275766402576303,"pointY":0.3881579072851884}},"texture":"CAA8BC12A085A01D238C77AE7090BAF7"}]}]},{"animations":[],"initialState":{"affineTransform":[1,0,0,1,0,0],"masksToBounds":false,"rotation":0,"scale":1,"position":{"pointX":960,"pointY":540},"width":1920,"sublayerTransform":[1,0,0,0,0,1,0,0,0,0,1,0,0,0,0,1],"contentsRect":{"y":0,"x":0,"width":1,"height":1},"opacity":1,"edgeAntialiasingMask":251658240,"height":1080,"hidden":false,"anchorPoint":{"pointX":0.5,"pointY":0.5}},"layers":[{"animations":[],"initialState":{"affineTransform":[1,0,0,1,0,0],"masksToBounds":false,"rotation":0,"scale":1,"position":{"pointX":1129.1817626953125,"pointY":509.50000095367432},"width":37,"sublayerTransform":[1,0,0,0,0,1,0,0,0,0,1,0,0,0,0,1],"contentsRect":{"y":0,"x":0,"width":1,"height":1},"opacity":1,"edgeAntialiasingMask":251658240,"height":96,"hidden":false,"anchorPoint":{"pointX":0.5,"pointY":0.5}},"objectID":"D5D4EF19-5004-49D9-AE08-5F3D83252DA6","layers":[{"animations":[],"layers":[],"texturedRectangle":{"singleTextureOpacity":1,"textXHeight":0.56818181818181823,"textBaseline":0.78362465898195899,"isBackgroundTexture":true,"isVerticalText":false,"textColor":[0.83741801977157593,0.83743780851364136,0.83742713928222656,1],"textureType":6},"initialState":{"affineTransform":[1,0,0,1,0,0],"masksToBounds":false,"rotation":0,"scale":1,"position":{"pointX":32.8182373046875,"pointY":93.499999046325684},"width":37,"sublayerTransform":[1,0,0,0,0,1,0,0,0,0,1,0,0,0,0,1],"contentsRect":{"y":0,"x":0,"width":1,"height":1},"opacity":1,"edgeAntialiasingMask":0,"height":96,"hidden":false,"anchorPoint":{"pointX":0.5,"pointY":0.5}},"texture":"A884C3DAB6BAB3C0317246D351F0F4D4"}]}]},{"animations":[],"initialState":{"affineTransform":[1,0,0,1,0,0],"masksToBounds":false,"rotation":0,"scale":1,"position":{"pointX":960,"pointY":540},"width":1920,"sublayerTransform":[1,0,0,0,0,1,0,0,0,0,1,0,0,0,0,1],"contentsRect":{"y":0,"x":0,"width":1,"height":1},"opacity":1,"edgeAntialiasingMask":251658240,"height":1080,"hidden":false,"anchorPoint":{"pointX":0.5,"pointY":0.5}},"layers":[{"animations":[],"initialState":{"affineTransform":[1,0,0,1,0,0],"masksToBounds":false,"rotation":0,"scale":1,"position":{"pointX":792.04524094455326,"pointY":350.81022076220125},"width":152,"sublayerTransform":[1,0,0,0,0,1,0,0,0,0,1,0,0,0,0,1],"contentsRect":{"y":0,"x":0,"width":1,"height":1},"opacity":1,"edgeAntialiasingMask":251658240,"height":81,"hidden":false,"anchorPoint":{"pointX":0.5,"pointY":0.5}},"objectID":"A2ABA297-AD35-4DF5-A85B-701459F307E6","layers":[{"animations":[],"layers":[],"texturedRectangle":{"singleTextureOpacity":1,"textXHeight":0,"shapePath":{"lineWidth":1,"flatness":0.59999999999999998,"lineCapStyle":0,"elements":[{"type":"MoveToPoint","points":[[2.5854252313365578,76.238036989959824]]},{"type":"AddLine","points":[[149.06980744083342,4.4531226637479904]]}],"windingRule":0,"lineJoinStyle":0,"miterLimit":10},"isBackgroundTexture":true,"textBaseline":0,"isVerticalText":false,"textureType":5},"initialState":{"affineTransform":[1,0,0,1,0,0],"masksToBounds":false,"rotation":0,"scale":1,"position":{"pointX":74.954759055446743,"pointY":39.189779237798746},"width":152,"sublayerTransform":[1,0,0,0,0,1,0,0,0,0,1,0,0,0,0,1],"contentsRect":{"y":0,"x":0,"width":1,"height":1},"opacity":1,"edgeAntialiasingMask":0,"height":81,"hidden":true,"anchorPoint":{"pointX":0.5,"pointY":0.5}},"texture":"0B2702BF389589DD74C2C5A341391595"}]}]},{"animations":[],"initialState":{"affineTransform":[1,0,0,1,0,0],"masksToBounds":false,"rotation":0,"scale":1,"position":{"pointX":960,"pointY":540},"width":1920,"sublayerTransform":[1,0,0,0,0,1,0,0,0,0,1,0,0,0,0,1],"contentsRect":{"y":0,"x":0,"width":1,"height":1},"opacity":1,"edgeAntialiasingMask":251658240,"height":1080,"hidden":false,"anchorPoint":{"pointX":0.5,"pointY":0.5}},"layers":[{"animations":[],"initialState":{"affineTransform":[1,0,0,1,0,0],"masksToBounds":false,"rotation":0,"scale":1,"position":{"pointX":1001.1620800488656,"pointY":352.83227057414786},"width":110,"sublayerTransform":[1,0,0,0,0,1,0,0,0,0,1,0,0,0,0,1],"contentsRect":{"y":0,"x":0,"width":1,"height":1},"opacity":1,"edgeAntialiasingMask":251658240,"height":85,"hidden":false,"anchorPoint":{"pointX":0.5,"pointY":0.5}},"objectID":"F68D1725-024E-42D7-9BC9-83500454DA9D","layers":[{"animations":[],"layers":[],"texturedRectangle":{"singleTextureOpacity":1,"textXHeight":0,"shapePath":{"lineWidth":1,"flatness":0.59999999999999998,"lineCapStyle":0,"elements":[{"type":"MoveToPoint","points":[[106.75959879118136,80.542713878250879]]},{"type":"AddLine","points":[[3.2403375582547369,4.148446301027775]]}],"windingRule":0,"lineJoinStyle":0,"miterLimit":10},"isBackgroundTexture":true,"textBaseline":0,"isVerticalText":false,"textureType":5},"initialState":{"affineTransform":[1,0,0,1,0,0],"masksToBounds":false,"rotation":0,"scale":1,"position":{"pointX":53.837919951134381,"pointY":41.167729425852144},"width":110,"sublayerTransform":[1,0,0,0,0,1,0,0,0,0,1,0,0,0,0,1],"contentsRect":{"y":0,"x":0,"width":1,"height":1},"opacity":1,"edgeAntialiasingMask":0,"height":85,"hidden":true,"anchorPoint":{"pointX":0.5,"pointY":0.5}},"texture":"191BCDB50F0F8426C676545D7803DCAB"}]}]},{"animations":[],"initialState":{"affineTransform":[1,0,0,1,0,0],"masksToBounds":false,"rotation":0,"scale":1,"position":{"pointX":960,"pointY":540},"width":1920,"sublayerTransform":[1,0,0,0,0,1,0,0,0,0,1,0,0,0,0,1],"contentsRect":{"y":0,"x":0,"width":1,"height":1},"opacity":1,"edgeAntialiasingMask":251658240,"height":1080,"hidden":false,"anchorPoint":{"pointX":0.5,"pointY":0.5}},"layers":[{"animations":[],"initialState":{"affineTransform":[1,0,0,1,0,0],"masksToBounds":false,"rotation":0,"scale":1,"position":{"pointX":1148.4603324766276,"pointY":484.03192290021161},"width":70,"sublayerTransform":[1,0,0,0,0,1,0,0,0,0,1,0,0,0,0,1],"contentsRect":{"y":0,"x":0,"width":1,"height":1},"opacity":1,"edgeAntialiasingMask":251658240,"height":70,"hidden":false,"anchorPoint":{"pointX":0.5,"pointY":0.5}},"objectID":"40ACA03F-59E4-43A0-9CC5-5A1533CC0809","layers":[{"animations":[],"layers":[],"texturedRectangle":{"singleTextureOpacity":1,"textXHeight":0,"shapePath":{"lineWidth":1,"flatness":0.59999999999999998,"lineCapStyle":0,"elements":[{"type":"MoveToPoint","points":[[66.06479909041218,65.636389513996278]]},{"type":"AddLine","points":[[3.9352062107805068,3.5067966343644912]]}],"windingRule":0,"lineJoinStyle":0,"miterLimit":10},"isBackgroundTexture":true,"textBaseline":0,"isVerticalText":false,"textureType":5},"initialState":{"affineTransform":[1,0,0,1,0,0],"masksToBounds":false,"rotation":0,"scale":1,"position":{"pointX":33.539667523372373,"pointY":33.968077099788388},"width":70,"sublayerTransform":[1,0,0,0,0,1,0,0,0,0,1,0,0,0,0,1],"contentsRect":{"y":0,"x":0,"width":1,"height":1},"opacity":1,"edgeAntialiasingMask":0,"height":70,"hidden":true,"anchorPoint":{"pointX":0.5,"pointY":0.5}},"texture":"8CB80D0808B99A308C1F53F613F57017"}]}]},{"animations":[],"initialState":{"affineTransform":[1,0,0,1,0,0],"masksToBounds":false,"rotation":0,"scale":1,"position":{"pointX":960,"pointY":540},"width":1920,"sublayerTransform":[1,0,0,0,0,1,0,0,0,0,1,0,0,0,0,1],"contentsRect":{"y":0,"x":0,"width":1,"height":1},"opacity":1,"edgeAntialiasingMask":251658240,"height":1080,"hidden":false,"anchorPoint":{"pointX":0.5,"pointY":0.5}},"layers":[{"animations":[],"initialState":{"affineTransform":[1,0,0,1,0,0],"masksToBounds":false,"rotation":0,"scale":1,"position":{"pointX":1005.868418683765,"pointY":471.14756810545651},"width":64,"sublayerTransform":[1,0,0,0,0,1,0,0,0,0,1,0,0,0,0,1],"contentsRect":{"y":0,"x":0,"width":1,"height":1},"opacity":1,"edgeAntialiasingMask":251658240,"height":63,"hidden":false,"anchorPoint":{"pointX":0.5,"pointY":0.5}},"objectID":"E13A7D86-A220-406A-9EDE-30786D96B0B1","layers":[{"animations":[],"layers":[],"texturedRectangle":{"singleTextureOpacity":1,"textXHeight":0,"shapePath":{"lineWidth":1,"flatness":0.59999999999999998,"lineCapStyle":0,"elements":[{"type":"MoveToPoint","points":[[4.3432924179178372,59.435844239797007]]},{"type":"AddLine","points":[[59.656694818105507,4.1224418396093938]]}],"windingRule":0,"lineJoinStyle":0,"miterLimit":10},"isBackgroundTexture":true,"textBaseline":0,"isVerticalText":false,"textureType":5},"initialState":{"affineTransform":[1,0,0,1,0,0],"masksToBounds":false,"rotation":0,"scale":1,"position":{"pointX":30.131581316235042,"pointY":29.852431894543486},"width":64,"sublayerTransform":[1,0,0,0,0,1,0,0,0,0,1,0,0,0,0,1],"contentsRect":{"y":0,"x":0,"width":1,"height":1},"opacity":1,"edgeAntialiasingMask":0,"height":63,"hidden":true,"anchorPoint":{"pointX":0.5,"pointY":0.5}},"texture":"568EA9E4846F6752CF101DEB53E31677"}]}]}]}},{"effects":[{"beginTime":0,"baseLayer":{"animations":[],"initialState":{"affineTransform":[1,0,0,1,0,0],"masksToBounds":false,"rotation":0,"scale":1,"position":{"pointX":960,"pointY":540},"width":1920,"sublayerTransform":[1,0,0,0,0,1,0,0,0,0,1,0,0,0,0,1],"contentsRect":{"y":0,"x":0,"width":1,"height":1},"opacity":1,"edgeAntialiasingMask":251658240,"height":1080,"hidden":false,"anchorPoint":{"pointX":0.5,"pointY":0.5}},"objectID":"0","layers":[{"animations":[],"initialState":{"affineTransform":[1,0,0,1,0,0],"masksToBounds":false,"rotation":0,"scale":1,"position":{"pointX":960,"pointY":540},"width":1920,"sublayerTransform":[1,0,0,0,0,1,0,0,0,0,1,-0.00035007912466775983,0,0,0,1],"contentsRect":{"y":0,"x":0,"width":1,"height":1},"opacity":1,"edgeAntialiasingMask":251658240,"height":1080,"hidden":false,"anchorPoint":{"pointX":0.5,"pointY":0.5}},"layers":[{"animations":[],"layers":[],"texturedRectangle":{"isBackgroundTexture":false,"singleTextureOpacity":1,"textureType":0,"textBaseline":0,"textXHeight":0,"isVerticalText":false},"initialState":{"affineTransform":[1,0,0,1,0,0],"masksToBounds":false,"rotation":0,"scale":1,"position":{"pointX":960,"pointY":540},"width":1920,"sublayerTransform":[1,0,0,0,0,1,0,0,0,0,1,0,0,0,0,1],"contentsRect":{"y":0,"x":0,"width":1,"height":1},"opacity":1,"edgeAntialiasingMask":0,"height":1080,"hidden":false,"anchorPoint":{"pointX":0.5,"pointY":0.5}},"texture":"E64F68FE9A4625ACC38B05C0A7EEDCAA"},{"animations":[{"timeOffset":0,"from":{"scalar":false},"beginTime":0,"repeatCount":0,"fillMode":"both","property":"hidden","autoreverses":false,"duration":0.01,"to":{"scalar":true}}],"layers":[],"texturedRectangle":{"isBackgroundTexture":false,"singleTextureOpacity":1,"textureType":0,"textBaseline":0,"textXHeight":0,"isVerticalText":false},"initialState":{"affineTransform":[1,0,0,1,0,0],"masksToBounds":false,"rotation":0,"scale":1,"position":{"pointX":960,"pointY":540},"width":1920,"sublayerTransform":[1,0,0,0,0,1,0,0,0,0,1,0,0,0,0,1],"contentsRect":{"y":0,"x":0,"width":1,"height":1},"opacity":1,"edgeAntialiasingMask":0,"height":1080,"hidden":false,"anchorPoint":{"pointX":0.5,"pointY":0.5}},"texture":"BA3EA1AC14CA31C537FFA3CB19613026"}]}]},"effects":[],"duration":0.01,"type":"transition","name":"none","objectID":"0"}],"automaticPlay":false,"hyperlinks":[],"accessibility":[{"text":"*","targetRectangle":{"y":470.50000095367432,"x":814.68182373046875,"width":63.636363636363626,"height":144}},{"text":"+","targetRectangle":{"y":470.50000095367432,"x":994.68182373046875,"width":63.63636363636374,"height":144}},{"text":"2","targetRectangle":{"y":470.50000095367432,"x":740.68182373046875,"width":63.636363636363626,"height":144}},{"text":"4","targetRectangle":{"y":470.50000095367432,"x":1059.6817626953125,"width":63.63636363636374,"height":144}},{"text":"Abstract syntax trees","targetRectangle":{"y":53.000000953674316,"x":64,"width":506.96335283599115,"height":43}},{"text":"3","targetRectangle":{"y":470.50000095367432,"x":926.6817626953125,"width":63.636363636363626,"height":144}}],"baseLayer":{"animations":[],"initialState":{"affineTransform":[1,0,0,1,0,0],"masksToBounds":false,"rotation":0,"scale":1,"position":{"pointX":960,"pointY":540},"width":1920,"sublayerTransform":[1,0,0,0,0,1,0,0,0,0,1,0,0,0,0,1],"contentsRect":{"y":0,"x":0,"width":1,"height":1},"opacity":1,"edgeAntialiasingMask":251658240,"height":1080,"hidden":false,"anchorPoint":{"pointX":0.5,"pointY":0.5}},"objectID":"0","layers":[{"animations":[],"initialState":{"affineTransform":[1,0,0,1,0,0],"masksToBounds":false,"rotation":0,"scale":1,"position":{"pointX":960,"pointY":540},"width":1920,"sublayerTransform":[1,0,0,0,0,1,0,0,0,0,1,-0.00035007912466775983,0,0,0,1],"contentsRect":{"y":0,"x":0,"width":1,"height":1},"opacity":1,"edgeAntialiasingMask":251658240,"height":1080,"hidden":false,"anchorPoint":{"pointX":0.5,"pointY":0.5}},"layers":[{"animations":[],"layers":[],"texturedRectangle":{"isBackgroundTexture":false,"singleTextureOpacity":1,"textureType":0,"textBaseline":0,"textXHeight":0,"isVerticalText":false},"initialState":{"affineTransform":[1,0,0,1,0,0],"masksToBounds":false,"rotation":0,"scale":1,"position":{"pointX":960,"pointY":540},"width":1920,"sublayerTransform":[1,0,0,0,0,1,0,0,0,0,1,0,0,0,0,1],"contentsRect":{"y":0,"x":0,"width":1,"height":1},"opacity":1,"edgeAntialiasingMask":0,"height":1080,"hidden":false,"anchorPoint":{"pointX":0.5,"pointY":0.5}},"texture":"BA3EA1AC14CA31C537FFA3CB19613026"}]}]}}]}