{"assets":{"AAD467CAB69195943D3EB60D173158F4":{"type":"texture","index":2,"assetRequest":{"type":"slide","state":"contents","slide":"none"},"url":{"native":"assets\/453ECF2F-210E-4018-82E0-2E0DF1F8EC6C.pdf"},"width":1804,"height":51},"76666DF638BFBA5F3B0D25E88759553C":{"type":"texture","index":3,"assetRequest":{"type":"slide","state":"contents","slide":"none"},"url":{"native":"assets\/453ECF2F-210E-4018-82E0-2E0DF1F8EC6C.pdf"},"width":1344,"height":288},"B66201C16EA3162D916B8A75A661287F":{"type":"texture","index":1,"assetRequest":{"type":"slide","state":"contents","slide":"none"},"url":{"native":"assets\/453ECF2F-210E-4018-82E0-2E0DF1F8EC6C.pdf"},"width":1537,"height":55},"2597676510AA4B579D4269234FFFF0AC":{"type":"texture","index":5,"assetRequest":{"type":"slide","state":"contents","slide":"none"},"url":{"native":"assets\/453ECF2F-210E-4018-82E0-2E0DF1F8EC6C.pdf"},"width":1920,"height":1080},"8B4C9C562197AFB48B8739546730F01B":{"type":"texture","index":4,"assetRequest":{"type":"slide","state":"contents","slide":"none"},"url":{"native":"assets\/453ECF2F-210E-4018-82E0-2E0DF1F8EC6C.pdf"},"width":1920,"height":1080},"F060ECB2D3B13BDD8C493DD73E965B5C":{"type":"texture","index":0,"assetRequest":{"type":"slide","state":"contents","slide":"none"},"url":{"native":"assets\/453ECF2F-210E-4018-82E0-2E0DF1F8EC6C.pdf"},"width":1920,"height":1080}},"events":[{"effects":[{"beginTime":0,"baseLayer":{"animations":[],"initialState":{"affineTransform":[1,0,0,1,0,0],"masksToBounds":false,"rotation":0,"scale":1,"position":{"pointX":950.81817626953125,"pointY":413.36227345466614},"width":1537,"sublayerTransform":[1,0,0,0,0,1,0,0,0,0,1,0,0,0,0,1],"contentsRect":{"y":0,"x":0,"width":1,"height":1},"opacity":1,"edgeAntialiasingMask":251658240,"height":55,"hidden":false,"anchorPoint":{"pointX":0.5,"pointY":0.5}},"objectID":"0442424E-5253-4191-902D-5D056CA64B1B","layers":[{"animations":[],"initialState":{"affineTransform":[1,0,0,1,0,0],"masksToBounds":false,"rotation":0,"scale":1,"position":{"pointX":777.68182373046875,"pointY":154.13772654533386},"width":1537,"sublayerTransform":[1,0,0,0,0,1,0,0,0,0,1,-0.00035007912466775983,0,0,0,1],"contentsRect":{"y":0,"x":0,"width":1,"height":1},"opacity":1,"edgeAntialiasingMask":251658240,"height":55,"hidden":false,"anchorPoint":{"pointX":0.50597386059236749,"pointY":2.8025041190060702}},"layers":[{"animations":[{"timeOffset":0,"beginTime":1e-100,"repeatCount":0,"animations":[{"repeatCount":0,"timingControlPoint2y":0.75664675235748291,"from":{"pointX":774.18182373046875,"pointY":51.637726545333862},"timingFunction":"custom","timeOffset":0,"autoreverses":false,"timingControlPoint1x":0.70026177167892456,"fillMode":"both","property":"position","duration":0.80000000000000004,"beginTime":0,"timingControlPoint2x":0.55952167510986328,"timingControlPoint1y":0,"to":{"pointX":289.61660633916443,"pointY":51.637726545333862}},{"repeatCount":0,"timingControlPoint2y":0.99922966957092285,"from":{"scalar":1},"timingFunction":"custom","timeOffset":0,"autoreverses":false,"timingControlPoint1x":0.70277547836303711,"fillMode":"both","property":"opacity","duration":0.80000000000000004,"beginTime":0,"timingControlPoint2x":0.30068531632423401,"timingControlPoint1y":0,"to":{"scalar":0}}],"fillMode":"both","autoreverses":false,"duration":0.80000000000000004}],"layers":[],"texturedRectangle":{"singleTextureOpacity":1,"textXHeight":0.53553719008264455,"textBaseline":0.78427955020557749,"isBackgroundTexture":true,"isVerticalText":false,"textColor":[0.83741801977157593,0.83743780851364136,0.83742713928222656,1],"textureType":6},"initialState":{"affineTransform":[1,0,0,1,0,0],"masksToBounds":false,"rotation":0,"scale":1,"position":{"pointX":774.18182373046875,"pointY":51.637726545333862},"width":1537,"sublayerTransform":[1,0,0,0,0,1,0,0,0,0,1,0,0,0,0,1],"contentsRect":{"y":0,"x":0,"width":1,"height":1},"opacity":1,"edgeAntialiasingMask":0,"height":55,"hidden":false,"anchorPoint":{"pointX":0.5,"pointY":0.5}},"texture":"B66201C16EA3162D916B8A75A661287F"}]}]},"effects":[],"duration":0.80000000000000004,"type":"buildOut","name":"apple:fade and move character","objectID":"0442424E-5253-4191-902D-5D056CA64B1B"},{"beginTime":0.29999999999999999,"baseLayer":{"animations":[],"initialState":{"affineTransform":[1,0,0,1,0,0],"masksToBounds":false,"rotation":0,"scale":1,"position":{"pointX":950.68179321289062,"pointY":414.36227357387543},"width":1804,"sublayerTransform":[1,0,0,0,0,1,0,0,0,0,1,0,0,0,0,1],"contentsRect":{"y":0,"x":0,"width":1,"height":1},"opacity":1,"edgeAntialiasingMask":251658240,"height":51,"hidden":false,"anchorPoint":{"pointX":0.5,"pointY":0.5}},"objectID":"2C476B00-277D-47AC-BBC3-44A386F80926","layers":[{"animations":[],"initialState":{"affineTransform":[1,0,0,1,0,0],"masksToBounds":false,"rotation":0,"scale":1,"position":{"pointX":911.31820678710938,"pointY":151.13772642612457},"width":1804,"sublayerTransform":[1,0,0,0,0,1,0,0,0,0,1,-0.00035007912466775983,0,0,0,1],"contentsRect":{"y":0,"x":0,"width":1,"height":1},"opacity":1,"edgeAntialiasingMask":251658240,"height":51,"hidden":false,"anchorPoint":{"pointX":0.50516530309706731,"pointY":2.9634848318847955}},"layers":[{"animations":[{"timeOffset":0,"beginTime":0.29999999999999999,"repeatCount":0,"animations":[{"repeatCount":0,"timingControlPoint2y":1,"from":{"pointX":1266.3888589610224,"pointY":47.637726426124573},"timingFunction":"custom","timeOffset":0,"autoreverses":false,"timingControlPoint1x":0.3109649121761322,"fillMode":"both","property":"position","duration":1,"beginTime":0,"timingControlPoint2x":0.20134320855140686,"timingControlPoint1y":0.20795157551765442,"to":{"pointX":908.31820678710938,"pointY":47.637726426124573}},{"repeatCount":0,"timingControlPoint2y":0.99922966957092285,"from":{"scalar":0},"timingFunction":"custom","timeOffset":0,"autoreverses":false,"timingControlPoint1x":0.70277547836303711,"fillMode":"both","property":"opacity","duration":1,"beginTime":0,"timingControlPoint2x":0.30068531632423401,"timingControlPoint1y":0,"to":{"scalar":1}},{"timeOffset":0,"from":{"scalar":false},"beginTime":0,"repeatCount":0,"fillMode":"forwards","property":"hidden","autoreverses":false,"duration":1,"to":{"scalar":false}}],"fillMode":"both","autoreverses":false,"duration":1}],"layers":[],"texturedRectangle":{"singleTextureOpacity":1,"textXHeight":0.53475935828877008,"textBaseline":0.78875013192494714,"isBackgroundTexture":true,"isVerticalText":false,"textColor":[0.83741801977157593,0.83743780851364136,0.83742713928222656,1],"textureType":6},"initialState":{"affineTransform":[1,0,0,1,0,0],"masksToBounds":false,"rotation":0,"scale":1,"position":{"pointX":908.31820678710938,"pointY":47.637726426124573},"width":1804,"sublayerTransform":[1,0,0,0,0,1,0,0,0,0,1,0,0,0,0,1],"contentsRect":{"y":0,"x":0,"width":1,"height":1},"opacity":1,"edgeAntialiasingMask":0,"height":51,"hidden":true,"anchorPoint":{"pointX":0.5,"pointY":0.5}},"texture":"AAD467CAB69195943D3EB60D173158F4"}]}]},"effects":[],"duration":1,"type":"buildIn","name":"apple:fade and move character","objectID":"2C476B00-277D-47AC-BBC3-44A386F80926"}],"automaticPlay":false,"hyperlinks":[],"accessibility":[{"text":"Macro.to_string( Macro.expand expr, __ENV__ )","targetRectangle":{"y":389.86227345466614,"x":186.31817626953125,"width":1546.3636363636349,"height":78}}],"baseLayer":{"animations":[],"initialState":{"affineTransform":[1,0,0,1,0,0],"masksToBounds":false,"rotation":0,"scale":1,"position":{"pointX":960,"pointY":540},"width":1920,"sublayerTransform":[1,0,0,0,0,1,0,0,0,0,1,0,0,0,0,1],"contentsRect":{"y":0,"x":0,"width":1,"height":1},"opacity":1,"edgeAntialiasingMask":251658240,"height":1080,"hidden":false,"anchorPoint":{"pointX":0.5,"pointY":0.5}},"layers":[{"animations":[],"initialState":{"affineTransform":[1,0,0,1,0,0],"masksToBounds":false,"rotation":0,"scale":1,"position":{"pointX":960,"pointY":540},"width":1920,"sublayerTransform":[1,0,0,0,0,1,0,0,0,0,1,0,0,0,0,1],"contentsRect":{"y":0,"x":0,"width":1,"height":1},"opacity":1,"edgeAntialiasingMask":251658240,"height":1080,"hidden":false,"anchorPoint":{"pointX":0.5,"pointY":0.5}},"layers":[{"animations":[],"initialState":{"affineTransform":[1,0,0,1,0,0],"masksToBounds":false,"rotation":0,"scale":1,"position":{"pointX":960,"pointY":540},"width":1920,"sublayerTransform":[1,0,0,0,0,1,0,0,0,0,1,0,0,0,0,1],"contentsRect":{"y":0,"x":0,"width":1,"height":1},"opacity":1,"edgeAntialiasingMask":251658240,"height":1080,"hidden":false,"anchorPoint":{"pointX":0.5,"pointY":0.5}},"layers":[{"animations":[],"layers":[],"texturedRectangle":{"isBackgroundTexture":true,"singleTextureOpacity":1,"textureType":1,"textBaseline":0,"textXHeight":0,"isVerticalText":false},"initialState":{"affineTransform":[1,0,0,1,0,0],"masksToBounds":false,"rotation":0,"scale":1,"position":{"pointX":960,"pointY":540},"width":1920,"sublayerTransform":[1,0,0,0,0,1,0,0,0,0,1,0,0,0,0,1],"contentsRect":{"y":0,"x":0,"width":1,"height":1},"opacity":1,"edgeAntialiasingMask":0,"height":1080,"hidden":false,"anchorPoint":{"pointX":0.5,"pointY":0.5}},"texture":"F060ECB2D3B13BDD8C493DD73E965B5C"}]}]},{"animations":[],"initialState":{"affineTransform":[1,0,0,1,0,0],"masksToBounds":false,"rotation":0,"scale":1,"position":{"pointX":960,"pointY":540},"width":1920,"sublayerTransform":[1,0,0,0,0,1,0,0,0,0,1,0,0,0,0,1],"contentsRect":{"y":0,"x":0,"width":1,"height":1},"opacity":1,"edgeAntialiasingMask":251658240,"height":1080,"hidden":false,"anchorPoint":{"pointX":0.5,"pointY":0.5}},"layers":[{"animations":[],"initialState":{"affineTransform":[1,0,0,1,0,0],"masksToBounds":false,"rotation":0,"scale":1,"position":{"pointX":950.81817626953125,"pointY":413.36227345466614},"width":1537,"sublayerTransform":[1,0,0,0,0,1,0,0,0,0,1,0,0,0,0,1],"contentsRect":{"y":0,"x":0,"width":1,"height":1},"opacity":1,"edgeAntialiasingMask":251658240,"height":55,"hidden":false,"anchorPoint":{"pointX":0.5,"pointY":0.5}},"objectID":"0442424E-5253-4191-902D-5D056CA64B1B","layers":[{"animations":[],"layers":[],"texturedRectangle":{"singleTextureOpacity":1,"textXHeight":0.53553719008264455,"textBaseline":0.78427955020557749,"isBackgroundTexture":true,"isVerticalText":false,"textColor":[0.83741801977157593,0.83743780851364136,0.83742713928222656,1],"textureType":6},"initialState":{"affineTransform":[1,0,0,1,0,0],"masksToBounds":false,"rotation":0,"scale":1,"position":{"pointX":774.18182373046875,"pointY":51.637726545333862},"width":1537,"sublayerTransform":[1,0,0,0,0,1,0,0,0,0,1,0,0,0,0,1],"contentsRect":{"y":0,"x":0,"width":1,"height":1},"opacity":1,"edgeAntialiasingMask":0,"height":55,"hidden":false,"anchorPoint":{"pointX":0.5,"pointY":0.5}},"texture":"B66201C16EA3162D916B8A75A661287F"}]}]},{"animations":[],"initialState":{"affineTransform":[1,0,0,1,0,0],"masksToBounds":false,"rotation":0,"scale":1,"position":{"pointX":960,"pointY":540},"width":1920,"sublayerTransform":[1,0,0,0,0,1,0,0,0,0,1,0,0,0,0,1],"contentsRect":{"y":0,"x":0,"width":1,"height":1},"opacity":1,"edgeAntialiasingMask":251658240,"height":1080,"hidden":false,"anchorPoint":{"pointX":0.5,"pointY":0.5}},"layers":[{"animations":[],"initialState":{"affineTransform":[1,0,0,1,0,0],"masksToBounds":false,"rotation":0,"scale":1,"position":{"pointX":950.68179321289062,"pointY":414.36227357387543},"width":1804,"sublayerTransform":[1,0,0,0,0,1,0,0,0,0,1,0,0,0,0,1],"contentsRect":{"y":0,"x":0,"width":1,"height":1},"opacity":1,"edgeAntialiasingMask":251658240,"height":51,"hidden":false,"anchorPoint":{"pointX":0.5,"pointY":0.5}},"objectID":"2C476B00-277D-47AC-BBC3-44A386F80926","layers":[{"animations":[],"layers":[],"texturedRectangle":{"singleTextureOpacity":1,"textXHeight":0.53475935828877008,"textBaseline":0.78875013192494714,"isBackgroundTexture":true,"isVerticalText":false,"textColor":[0.83741801977157593,0.83743780851364136,0.83742713928222656,1],"textureType":6},"initialState":{"affineTransform":[1,0,0,1,0,0],"masksToBounds":false,"rotation":0,"scale":1,"position":{"pointX":908.31820678710938,"pointY":47.637726426124573},"width":1804,"sublayerTransform":[1,0,0,0,0,1,0,0,0,0,1,0,0,0,0,1],"contentsRect":{"y":0,"x":0,"width":1,"height":1},"opacity":1,"edgeAntialiasingMask":0,"height":51,"hidden":true,"anchorPoint":{"pointX":0.5,"pointY":0.5}},"texture":"AAD467CAB69195943D3EB60D173158F4"}]}]},{"animations":[],"initialState":{"affineTransform":[1,0,0,1,0,0],"masksToBounds":false,"rotation":0,"scale":1,"position":{"pointX":960,"pointY":540},"width":1920,"sublayerTransform":[1,0,0,0,0,1,0,0,0,0,1,0,0,0,0,1],"contentsRect":{"y":0,"x":0,"width":1,"height":1},"opacity":1,"edgeAntialiasingMask":251658240,"height":1080,"hidden":false,"anchorPoint":{"pointX":0.5,"pointY":0.5}},"layers":[{"animations":[],"initialState":{"affineTransform":[1,0,0,1,0,0],"masksToBounds":false,"rotation":0,"scale":1,"position":{"pointX":971.02484130859375,"pointY":619.80840826034546},"width":1344,"sublayerTransform":[1,0,0,0,0,1,0,0,0,0,1,0,0,0,0,1],"contentsRect":{"y":0,"x":0,"width":1,"height":1},"opacity":1,"edgeAntialiasingMask":251658240,"height":288,"hidden":false,"anchorPoint":{"pointX":0.5,"pointY":0.5}},"objectID":"0F8F02AF-F9D7-4E05-B0ED-5CB126553B28","layers":[{"animations":[],"layers":[],"texturedRectangle":{"singleTextureOpacity":1,"textXHeight":0.10227272727272727,"textBaseline":0.95861635439925719,"isBackgroundTexture":true,"isVerticalText":false,"textColor":[0.83741801977157593,0.83743780851364136,0.83742713928222656,1],"textureType":6},"initialState":{"affineTransform":[1,0,0,1,0,0],"masksToBounds":false,"rotation":0,"scale":1,"position":{"pointX":674.97515869140625,"pointY":169.19159173965454},"width":1344,"sublayerTransform":[1,0,0,0,0,1,0,0,0,0,1,0,0,0,0,1],"contentsRect":{"y":0,"x":0,"width":1,"height":1},"opacity":1,"edgeAntialiasingMask":0,"height":288,"hidden":true,"anchorPoint":{"pointX":0.5,"pointY":0.5}},"texture":"76666DF638BFBA5F3B0D25E88759553C"}]}]}]}},{"effects":[{"beginTime":0,"baseLayer":{"animations":[],"initialState":{"affineTransform":[1,0,0,1,0,0],"masksToBounds":false,"rotation":0,"scale":1,"position":{"pointX":971.02484130859375,"pointY":619.80840826034546},"width":1344,"sublayerTransform":[1,0,0,0,0,1,0,0,0,0,1,0,0,0,0,1],"contentsRect":{"y":0,"x":0,"width":1,"height":1},"opacity":1,"edgeAntialiasingMask":251658240,"height":288,"hidden":false,"anchorPoint":{"pointX":0.5,"pointY":0.5}},"objectID":"0F8F02AF-F9D7-4E05-B0ED-5CB126553B28","layers":[{"animations":[],"initialState":{"affineTransform":[1,0,0,1,0,0],"masksToBounds":false,"rotation":0,"scale":1,"position":{"pointX":660.97515869140625,"pointY":64.191591739654541},"width":1344,"sublayerTransform":[1,0,0,0,0,1,0,0,0,0,1,-0.00035007912466775983,0,0,0,1],"contentsRect":{"y":0,"x":0,"width":1,"height":1},"opacity":1,"edgeAntialiasingMask":251658240,"height":288,"hidden":false,"anchorPoint":{"pointX":0.49179699307396296,"pointY":0.22288747131824493}},"layers":[{"animations":[{"timeOffset":0,"beginTime":1e-100,"repeatCount":0,"animations":[{"timeOffset":0,"from":{"scalar":0},"beginTime":0,"repeatCount":0,"fillMode":"both","duration":0.40000000000000002,"autoreverses":false,"timingFunction":"EaseInEaseOut","property":"opacity","to":{"scalar":1}},{"timeOffset":0,"from":{"scalar":false},"beginTime":0,"repeatCount":0,"fillMode":"forwards","property":"hidden","autoreverses":false,"duration":0.40000000000000002,"to":{"scalar":false}}],"fillMode":"both","autoreverses":false,"duration":0.40000000000000002}],"layers":[],"texturedRectangle":{"singleTextureOpacity":1,"textXHeight":0.10227272727272727,"textBaseline":0.95861635439925719,"isBackgroundTexture":true,"isVerticalText":false,"textColor":[0.83741801977157593,0.83743780851364136,0.83742713928222656,1],"textureType":6},"initialState":{"affineTransform":[1,0,0,1,0,0],"masksToBounds":false,"rotation":0,"scale":1,"position":{"pointX":674.97515869140625,"pointY":169.19159173965454},"width":1344,"sublayerTransform":[1,0,0,0,0,1,0,0,0,0,1,0,0,0,0,1],"contentsRect":{"y":0,"x":0,"width":1,"height":1},"opacity":1,"edgeAntialiasingMask":0,"height":288,"hidden":true,"anchorPoint":{"pointX":0.5,"pointY":0.5}},"texture":"76666DF638BFBA5F3B0D25E88759553C"}]}]},"effects":[],"duration":0.40000000000000002,"type":"buildIn","attributes":{"direction":0},"name":"com.apple.iWork.Keynote.Blur","objectID":"0F8F02AF-F9D7-4E05-B0ED-5CB126553B28"}],"automaticPlay":false,"hyperlinks":[],"accessibility":[{"text":"Enum.reduce(Enum.filter(1..25, &(rem(&1, 2) == 0)), &+\/2)","targetRectangle":{"y":392.86227357387543,"x":52.681793212890625,"width":1813.6363636363628,"height":72}}],"baseLayer":{"animations":[],"initialState":{"affineTransform":[1,0,0,1,0,0],"masksToBounds":false,"rotation":0,"scale":1,"position":{"pointX":960,"pointY":540},"width":1920,"sublayerTransform":[1,0,0,0,0,1,0,0,0,0,1,0,0,0,0,1],"contentsRect":{"y":0,"x":0,"width":1,"height":1},"opacity":1,"edgeAntialiasingMask":251658240,"height":1080,"hidden":false,"anchorPoint":{"pointX":0.5,"pointY":0.5}},"layers":[{"animations":[],"initialState":{"affineTransform":[1,0,0,1,0,0],"masksToBounds":false,"rotation":0,"scale":1,"position":{"pointX":960,"pointY":540},"width":1920,"sublayerTransform":[1,0,0,0,0,1,0,0,0,0,1,0,0,0,0,1],"contentsRect":{"y":0,"x":0,"width":1,"height":1},"opacity":1,"edgeAntialiasingMask":251658240,"height":1080,"hidden":false,"anchorPoint":{"pointX":0.5,"pointY":0.5}},"layers":[{"animations":[],"initialState":{"affineTransform":[1,0,0,1,0,0],"masksToBounds":false,"rotation":0,"scale":1,"position":{"pointX":960,"pointY":540},"width":1920,"sublayerTransform":[1,0,0,0,0,1,0,0,0,0,1,0,0,0,0,1],"contentsRect":{"y":0,"x":0,"width":1,"height":1},"opacity":1,"edgeAntialiasingMask":251658240,"height":1080,"hidden":false,"anchorPoint":{"pointX":0.5,"pointY":0.5}},"layers":[{"animations":[],"layers":[],"texturedRectangle":{"isBackgroundTexture":true,"singleTextureOpacity":1,"textureType":1,"textBaseline":0,"textXHeight":0,"isVerticalText":false},"initialState":{"affineTransform":[1,0,0,1,0,0],"masksToBounds":false,"rotation":0,"scale":1,"position":{"pointX":960,"pointY":540},"width":1920,"sublayerTransform":[1,0,0,0,0,1,0,0,0,0,1,0,0,0,0,1],"contentsRect":{"y":0,"x":0,"width":1,"height":1},"opacity":1,"edgeAntialiasingMask":0,"height":1080,"hidden":false,"anchorPoint":{"pointX":0.5,"pointY":0.5}},"texture":"F060ECB2D3B13BDD8C493DD73E965B5C"}]}]},{"animations":[],"initialState":{"affineTransform":[1,0,0,1,0,0],"masksToBounds":false,"rotation":0,"scale":1,"position":{"pointX":960,"pointY":540},"width":1920,"sublayerTransform":[1,0,0,0,0,1,0,0,0,0,1,0,0,0,0,1],"contentsRect":{"y":0,"x":0,"width":1,"height":1},"opacity":1,"edgeAntialiasingMask":251658240,"height":1080,"hidden":false,"anchorPoint":{"pointX":0.5,"pointY":0.5}},"layers":[{"animations":[],"initialState":{"affineTransform":[1,0,0,1,0,0],"masksToBounds":false,"rotation":0,"scale":1,"position":{"pointX":950.81817626953125,"pointY":413.36227345466614},"width":1537,"sublayerTransform":[1,0,0,0,0,1,0,0,0,0,1,0,0,0,0,1],"contentsRect":{"y":0,"x":0,"width":1,"height":1},"opacity":1,"edgeAntialiasingMask":251658240,"height":55,"hidden":false,"anchorPoint":{"pointX":0.5,"pointY":0.5}},"objectID":"0442424E-5253-4191-902D-5D056CA64B1B","layers":[{"animations":[],"layers":[],"texturedRectangle":{"singleTextureOpacity":1,"textXHeight":0.53553719008264455,"textBaseline":0.78427955020557749,"isBackgroundTexture":true,"isVerticalText":false,"textColor":[0.83741801977157593,0.83743780851364136,0.83742713928222656,1],"textureType":6},"initialState":{"affineTransform":[1,0,0,1,0,0],"masksToBounds":false,"rotation":0,"scale":1,"position":{"pointX":774.18182373046875,"pointY":51.637726545333862},"width":1537,"sublayerTransform":[1,0,0,0,0,1,0,0,0,0,1,0,0,0,0,1],"contentsRect":{"y":0,"x":0,"width":1,"height":1},"opacity":1,"edgeAntialiasingMask":0,"height":55,"hidden":true,"anchorPoint":{"pointX":0.5,"pointY":0.5}},"texture":"B66201C16EA3162D916B8A75A661287F"}]}]},{"animations":[],"initialState":{"affineTransform":[1,0,0,1,0,0],"masksToBounds":false,"rotation":0,"scale":1,"position":{"pointX":960,"pointY":540},"width":1920,"sublayerTransform":[1,0,0,0,0,1,0,0,0,0,1,0,0,0,0,1],"contentsRect":{"y":0,"x":0,"width":1,"height":1},"opacity":1,"edgeAntialiasingMask":251658240,"height":1080,"hidden":false,"anchorPoint":{"pointX":0.5,"pointY":0.5}},"layers":[{"animations":[],"initialState":{"affineTransform":[1,0,0,1,0,0],"masksToBounds":false,"rotation":0,"scale":1,"position":{"pointX":950.68179321289062,"pointY":414.36227357387543},"width":1804,"sublayerTransform":[1,0,0,0,0,1,0,0,0,0,1,0,0,0,0,1],"contentsRect":{"y":0,"x":0,"width":1,"height":1},"opacity":1,"edgeAntialiasingMask":251658240,"height":51,"hidden":false,"anchorPoint":{"pointX":0.5,"pointY":0.5}},"objectID":"2C476B00-277D-47AC-BBC3-44A386F80926","layers":[{"animations":[],"layers":[],"texturedRectangle":{"singleTextureOpacity":1,"textXHeight":0.53475935828877008,"textBaseline":0.78875013192494714,"isBackgroundTexture":true,"isVerticalText":false,"textColor":[0.83741801977157593,0.83743780851364136,0.83742713928222656,1],"textureType":6},"initialState":{"affineTransform":[1,0,0,1,0,0],"masksToBounds":false,"rotation":0,"scale":1,"position":{"pointX":908.31820678710938,"pointY":47.637726426124573},"width":1804,"sublayerTransform":[1,0,0,0,0,1,0,0,0,0,1,0,0,0,0,1],"contentsRect":{"y":0,"x":0,"width":1,"height":1},"opacity":1,"edgeAntialiasingMask":0,"height":51,"hidden":false,"anchorPoint":{"pointX":0.5,"pointY":0.5}},"texture":"AAD467CAB69195943D3EB60D173158F4"}]}]},{"animations":[],"initialState":{"affineTransform":[1,0,0,1,0,0],"masksToBounds":false,"rotation":0,"scale":1,"position":{"pointX":960,"pointY":540},"width":1920,"sublayerTransform":[1,0,0,0,0,1,0,0,0,0,1,0,0,0,0,1],"contentsRect":{"y":0,"x":0,"width":1,"height":1},"opacity":1,"edgeAntialiasingMask":251658240,"height":1080,"hidden":false,"anchorPoint":{"pointX":0.5,"pointY":0.5}},"layers":[{"animations":[],"initialState":{"affineTransform":[1,0,0,1,0,0],"masksToBounds":false,"rotation":0,"scale":1,"position":{"pointX":971.02484130859375,"pointY":619.80840826034546},"width":1344,"sublayerTransform":[1,0,0,0,0,1,0,0,0,0,1,0,0,0,0,1],"contentsRect":{"y":0,"x":0,"width":1,"height":1},"opacity":1,"edgeAntialiasingMask":251658240,"height":288,"hidden":false,"anchorPoint":{"pointX":0.5,"pointY":0.5}},"objectID":"0F8F02AF-F9D7-4E05-B0ED-5CB126553B28","layers":[{"animations":[],"layers":[],"texturedRectangle":{"singleTextureOpacity":1,"textXHeight":0.10227272727272727,"textBaseline":0.95861635439925719,"isBackgroundTexture":true,"isVerticalText":false,"textColor":[0.83741801977157593,0.83743780851364136,0.83742713928222656,1],"textureType":6},"initialState":{"affineTransform":[1,0,0,1,0,0],"masksToBounds":false,"rotation":0,"scale":1,"position":{"pointX":674.97515869140625,"pointY":169.19159173965454},"width":1344,"sublayerTransform":[1,0,0,0,0,1,0,0,0,0,1,0,0,0,0,1],"contentsRect":{"y":0,"x":0,"width":1,"height":1},"opacity":1,"edgeAntialiasingMask":0,"height":288,"hidden":true,"anchorPoint":{"pointX":0.5,"pointY":0.5}},"texture":"76666DF638BFBA5F3B0D25E88759553C"}]}]}]}},{"effects":[{"beginTime":0,"baseLayer":{"animations":[],"initialState":{"affineTransform":[1,0,0,1,0,0],"masksToBounds":false,"rotation":0,"scale":1,"position":{"pointX":960,"pointY":540},"width":1920,"sublayerTransform":[1,0,0,0,0,1,0,0,0,0,1,0,0,0,0,1],"contentsRect":{"y":0,"x":0,"width":1,"height":1},"opacity":1,"edgeAntialiasingMask":251658240,"height":1080,"hidden":false,"anchorPoint":{"pointX":0.5,"pointY":0.5}},"objectID":"0","layers":[{"animations":[],"initialState":{"affineTransform":[1,0,0,1,0,0],"masksToBounds":false,"rotation":0,"scale":1,"position":{"pointX":960,"pointY":540},"width":1920,"sublayerTransform":[1,0,0,0,0,1,0,0,0,0,1,-0.00035007912466775983,0,0,0,1],"contentsRect":{"y":0,"x":0,"width":1,"height":1},"opacity":1,"edgeAntialiasingMask":251658240,"height":1080,"hidden":false,"anchorPoint":{"pointX":0.5,"pointY":0.5}},"layers":[{"animations":[],"layers":[],"texturedRectangle":{"isBackgroundTexture":false,"singleTextureOpacity":1,"textureType":0,"textBaseline":0,"textXHeight":0,"isVerticalText":false},"initialState":{"affineTransform":[1,0,0,1,0,0],"masksToBounds":false,"rotation":0,"scale":1,"position":{"pointX":960,"pointY":540},"width":1920,"sublayerTransform":[1,0,0,0,0,1,0,0,0,0,1,0,0,0,0,1],"contentsRect":{"y":0,"x":0,"width":1,"height":1},"opacity":1,"edgeAntialiasingMask":0,"height":1080,"hidden":false,"anchorPoint":{"pointX":0.5,"pointY":0.5}},"texture":"2597676510AA4B579D4269234FFFF0AC"},{"animations":[{"timeOffset":0,"from":{"scalar":false},"beginTime":0,"repeatCount":0,"fillMode":"both","property":"hidden","autoreverses":false,"duration":0.01,"to":{"scalar":true}}],"layers":[],"texturedRectangle":{"isBackgroundTexture":false,"singleTextureOpacity":1,"textureType":0,"textBaseline":0,"textXHeight":0,"isVerticalText":false},"initialState":{"affineTransform":[1,0,0,1,0,0],"masksToBounds":false,"rotation":0,"scale":1,"position":{"pointX":960,"pointY":540},"width":1920,"sublayerTransform":[1,0,0,0,0,1,0,0,0,0,1,0,0,0,0,1],"contentsRect":{"y":0,"x":0,"width":1,"height":1},"opacity":1,"edgeAntialiasingMask":0,"height":1080,"hidden":false,"anchorPoint":{"pointX":0.5,"pointY":0.5}},"texture":"8B4C9C562197AFB48B8739546730F01B"}]}]},"effects":[],"duration":0.01,"type":"transition","name":"none","objectID":"0"}],"automaticPlay":false,"hyperlinks":[],"accessibility":[{"text":"Enum.reduce(Enum.filter(1..25, &(rem(&1, 2) == 0)), &+\/2)","targetRectangle":{"y":392.86227357387543,"x":52.681793212890625,"width":1813.6363636363628,"height":72}},{"text":"1..25 ","targetRectangle":{"y":479.80840826034546,"x":303.02484130859375,"width":206.18181818181819,"height":117}},{"text":"  |> Enum.filter(&( rem(&1, 2) == 0 )) ","targetRectangle":{"y":596.80840826034546,"x":303.02484130859375,"width":1340.1818181818173,"height":117}},{"text":"  |> Enum.reduce(&+\/2)","targetRectangle":{"y":713.80840826034546,"x":303.02484130859375,"width":756,"height":78}}],"baseLayer":{"animations":[],"initialState":{"affineTransform":[1,0,0,1,0,0],"masksToBounds":false,"rotation":0,"scale":1,"position":{"pointX":960,"pointY":540},"width":1920,"sublayerTransform":[1,0,0,0,0,1,0,0,0,0,1,0,0,0,0,1],"contentsRect":{"y":0,"x":0,"width":1,"height":1},"opacity":1,"edgeAntialiasingMask":251658240,"height":1080,"hidden":false,"anchorPoint":{"pointX":0.5,"pointY":0.5}},"objectID":"0","layers":[{"animations":[],"initialState":{"affineTransform":[1,0,0,1,0,0],"masksToBounds":false,"rotation":0,"scale":1,"position":{"pointX":960,"pointY":540},"width":1920,"sublayerTransform":[1,0,0,0,0,1,0,0,0,0,1,-0.00035007912466775983,0,0,0,1],"contentsRect":{"y":0,"x":0,"width":1,"height":1},"opacity":1,"edgeAntialiasingMask":251658240,"height":1080,"hidden":false,"anchorPoint":{"pointX":0.5,"pointY":0.5}},"layers":[{"animations":[],"layers":[],"texturedRectangle":{"isBackgroundTexture":false,"singleTextureOpacity":1,"textureType":0,"textBaseline":0,"textXHeight":0,"isVerticalText":false},"initialState":{"affineTransform":[1,0,0,1,0,0],"masksToBounds":false,"rotation":0,"scale":1,"position":{"pointX":960,"pointY":540},"width":1920,"sublayerTransform":[1,0,0,0,0,1,0,0,0,0,1,0,0,0,0,1],"contentsRect":{"y":0,"x":0,"width":1,"height":1},"opacity":1,"edgeAntialiasingMask":0,"height":1080,"hidden":false,"anchorPoint":{"pointX":0.5,"pointY":0.5}},"texture":"8B4C9C562197AFB48B8739546730F01B"}]}]}}]}